pricestr,area,subarea,name,condition,cylinders,drive,fuel,odometer,paintcolor,size,transmission,type,dealer,price,lnprice,year,age,lnodometer,LE,XLE,SE,Hybrid
$4990,chicago,chicago city,2007 Toyota Camry Hybrid,good,4 cylinders,fwd,gas,11.6236,grey,NA,automatic,sedan,1,4990,8.5151911,2007,11,2.4530375,0,0,0,1
$10625,chicago,chicago city,2009 Toyota Camry Hybrid,NA,4 cylinders,fwd,hybrid,4.3702,grey,NA,automatic,sedan,1,10625,9.2709646,2009,9,1.4748088,0,0,0,1
$14850,chicago,chicago city,2015 Toyota_ Camry_,excellent,other,NA,gas,3.5721,NA,NA,automatic,sedan,1,14850,9.6057549,2015,3,1.2731537,0,0,0,0
$15630,chicago,chicago city,2016 TOYOTA CAMRY,NA,NA,fwd,gas,1.3152,NA,NA,automatic,sedan,1,15630,9.6569471,2016,2,.27398875,0,0,0,0
$850,chicago,chicago city,1993 toyota camry,good,6 cylinders,fwd,gas,18.7,red,full-size,automatic,sedan,0,850,6.7452364,1993,25,2.9285235,0,0,0,0
$1300,chicago,chicago city,1998 toyota camry,fair,4 cylinders,fwd,gas,16.82425880432129,grey,NA,automatic,NA,0,1300,7.1701198,1998,20,2.8228219,0,0,0,0
$1600,chicago,chicago city,1998 toyota camry le,NA,NA,NA,gas,16.82425880432129,NA,NA,automatic,NA,0,1600,7.377759,1998,20,2.8228219,1,0,0,0
$1500,chicago,chicago city,1998 Toyota Camry,NA,NA,NA,gas,16.82425880432129,NA,NA,automatic,NA,0,1500,7.3132205,1998,20,2.8228219,0,0,0,0
$1650,chicago,chicago city,1999 toyota camry,good,4 cylinders,fwd,gas,20.2,NA,NA,automatic,sedan,0,1650,7.4085307,1999,19,3.0056827,0,0,0,0
$2295,chicago,chicago city,2000 toyota camry le,excellent,4 cylinders,fwd,gas,10.7,white,mid-size,automatic,sedan,0,2295,7.7384882,2000,18,2.3702438,1,0,0,0
$1650,chicago,chicago city,2002 toyota camry solara,NA,6 cylinders,fwd,gas,16,black,NA,automatic,NA,0,1650,7.4085307,2002,16,2.7725887,0,0,0,0
$3500,chicago,chicago city,2002 toyota camry,NA,NA,NA,gas,14.32672119140625,NA,NA,automatic,NA,0,3500,8.1605186,2002,16,2.6621263,0,0,0,0
$1100,chicago,chicago city,2003 Toyota CAMRY XLE,NA,NA,NA,gas,14.08167171478271,white,NA,automatic,NA,0,1100,7.0030656,2003,15,2.6448741,0,1,0,0
$3800,chicago,chicago city,2003 toyota camry,NA,4 cylinders,NA,gas,11.9,NA,NA,automatic,NA,0,3800,8.2427559,2003,15,2.4765384,0,0,0,0
$2950,chicago,chicago city,2004 Toyota Camry XLE,excellent,4 cylinders,fwd,gas,16.7,NA,NA,automatic,NA,0,2950,7.9895606,2004,14,2.8154087,0,1,0,0
$4200,chicago,chicago city,2005 toyota camry LE,excellent,6 cylinders,4wd,gas,12.0451,grey,full-size,automatic,sedan,0,4200,8.3428402,2005,13,2.488658,1,0,0,0
$5799,chicago,chicago city,2007 Toyota Camry Hybrid,good,4 cylinders,fwd,hybrid,15.9,silver,NA,automatic,sedan,0,5799,8.6654406,2007,11,2.766319,0,0,0,1
$4500,chicago,chicago city,2007 toyota camry,good,4 cylinders,fwd,gas,11.62693023681641,silver,full-size,automatic,sedan,0,4500,8.4118328,2007,11,2.4533241,0,0,0,0
$4000,chicago,chicago city,2007 Toyota camry,NA,NA,NA,gas,11.62693023681641,NA,NA,automatic,NA,0,4000,8.2940493,2007,11,2.4533241,0,0,0,0
$6000,chicago,chicago city,2007 Toyota Camry SE,excellent,4 cylinders,fwd,gas,10.2,grey,mid-size,automatic,NA,0,6000,8.6995144,2007,11,2.3223877,0,0,1,0
$5999,chicago,chicago city,2007 toyota camry xle,NA,NA,NA,gas,11.62693023681641,NA,NA,automatic,NA,0,5999,8.6993484,2007,11,2.4533241,0,1,0,0
$7700,chicago,chicago city,2008 toyota camry,NA,4 cylinders,fwd,gas,6.58,NA,NA,automatic,NA,0,7700,8.9489756,2008,10,1.8840348,0,0,0,0
$7200,chicago,chicago city,2009 toyota camry se 4dr sedan,excellent,4 cylinders,fwd,gas,11.33,grey,mid-size,automatic,sedan,0,7200,8.8818359,2009,9,2.427454,0,0,1,0
$6400,chicago,chicago city,2009 toyota camry xle,excellent,NA,NA,gas,16.45036315917969,NA,NA,automatic,NA,0,6400,8.7640533,2009,9,2.8003476,0,1,0,0
$2900,chicago,chicago city,2010 toyota camry hybrid,NA,NA,NA,hybrid,30,NA,NA,automatic,NA,0,2900,7.972466,2010,8,3.4011974,0,0,0,1
$2000,chicago,chicago city,2010 toyota camry le,NA,NA,NA,gas,14.66399955749512,NA,NA,automatic,NA,0,2000,7.6009026,2010,8,2.6853955,1,0,0,0
$7000,chicago,chicago city,2013 toyota camry,excellent,4 cylinders,NA,gas,21.3,white,compact,automatic,sedan,0,7000,8.8536654,2013,5,3.058707,0,0,0,0
$14900,chicago,chicago city,2014 Toyota Camry XLE,like new,4 cylinders,fwd,gas,4.1539,silver,mid-size,automatic,sedan,0,14900,9.6091166,2014,4,1.4240477,0,1,0,0
$2000,chicago,chicago city,2009 Toyota Camry,like new,6 cylinders,fwd,gas,16.45036315917969,NA,NA,automatic,sedan,0,2000,7.6009026,2009,9,2.8003476,0,0,0,0
$3030,chicago,chicago city,2010 toyota camry xle,excellent,6 cylinders,fwd,gas,14.66399955749512,black,full-size,automatic,sedan,0,3030,8.0163183,2010,8,2.6853955,0,1,0,0
$3100,chicago,chicago city,2004 Toyota Camry,excellent,4 cylinders,NA,gas,13.0756,grey,NA,automatic,sedan,0,3100,8.0391569,2004,14,2.5707479,0,0,0,0
$15490,chicago,chicago city,2016 Toyota Camry  LE    2016,new,4 cylinders,fwd,gas,4.8192,white,NA,automatic,NA,0,15490,9.6479502,2016,2,1.572608,1,0,0,0
$3600,chicago,chicago city,2002 toyota camry le,like new,6 cylinders,NA,gas,12.1,grey,NA,automatic,sedan,0,3600,8.1886892,2002,16,2.4932055,1,0,0,0
$3750,chicago,chicago N,2002 toyota camry le 4cyl,good,4 cylinders,fwd,gas,17.3906,blue,mid-size,automatic,sedan,0,3750,8.2295113,2002,16,2.8559299,1,0,0,0
$4400,chicago,chicago N,2005 toyota camry,good,4 cylinders,fwd,gas,12.3,NA,NA,automatic,sedan,0,4400,8.3893595,2005,13,2.5095992,0,0,0,0
$6300,chicago,chicago N,2011 toyota camry se 4dr sedan,excellent,4 cylinders,fwd,gas,15.6,black,full-size,automatic,sedan,0,6300,8.7483053,2011,7,2.7472708,0,0,1,0
$1700,chicago,chicago N,1998 Toyota Camry LE,good,NA,NA,gas,17.5626,brown,mid-size,automatic,sedan,0,1700,7.4383836,1998,20,2.8657715,1,0,0,0
$8955,chicago,chicago suburbs,2009 Toyota Camry Hybrid,NA,4 cylinders,fwd,hybrid,8.1388,white,mid-size,automatic,sedan,1,8955,9.099967,2009,9,2.0966427,0,0,0,1
$850,chicago,chicago suburbs,1997 Toyota Camry,NA,NA,NA,gas,18.7007999420166,NA,NA,automatic,NA,0,850,6.7452364,1997,21,2.9285662,0,0,0,0
$2000,chicago,chicago suburbs,2000 toyota camry,good,4 cylinders,fwd,gas,20.2,NA,full-size,automatic,sedan,0,2000,7.6009026,2000,18,3.0056827,0,0,0,0
$2250,chicago,chicago suburbs,2001 toyota camry,like new,NA,NA,gas,16.4,NA,NA,automatic,NA,0,2250,7.7186856,2001,17,2.7972813,0,0,0,0
$2500,chicago,chicago suburbs,2006 Toyota Camry Solara,good,4 cylinders,fwd,gas,18.5,blue,mid-size,automatic,coupe,0,2500,7.8240461,2006,12,2.9177706,0,0,0,0
$7400,chicago,chicago suburbs,2008 toyota camry hybrid,NA,NA,NA,gas,10.4841,NA,NA,automatic,NA,0,7400,8.909235,2008,10,2.3498597,0,0,0,1
$7500,chicago,chicago suburbs,2010 toyota camry le,excellent,4 cylinders,fwd,gas,14.66399955749512,silver,mid-size,automatic,sedan,0,7500,8.922658,2010,8,2.6853955,1,0,0,0
$10590,chicago,chicago suburbs,2012 TOYOTA CAMRY,good,4 cylinders,fwd,gas,7.5294,red,NA,automatic,NA,0,10590,9.2676659,2012,6,2.0188153,0,0,0,0
$2800,chicago,chicago suburbs,2002 toyota camry Le,excellent,4 cylinders,fwd,gas,10.5,silver,NA,automatic,sedan,0,2800,7.9373746,2002,16,2.3513753,0,0,0,0
$2800,chicago,chicago suburbs,2002 toyota camry,excellent,4 cylinders,fwd,gas,10.5,silver,NA,automatic,NA,0,2800,7.9373746,2002,16,2.3513753,0,0,0,0
$1000,chicago,chicago suburbs,1995 Toyota Camry LE,fair,4 cylinders,fwd,gas,18.242,NA,NA,automatic,sedan,0,1000,6.9077554,1995,23,2.9037266,1,0,0,0
$600,chicago,chicago suburbs,1997 toyota camry le,fair,4 cylinders,fwd,gas,17.7,grey,NA,automatic,sedan,0,600,6.3969297,1997,21,2.8735647,1,0,0,0
$1850,chicago,chicago suburbs,1998 Toyota Camry LX,excellent,6 cylinders,fwd,gas,15.88,brown,compact,automatic,sedan,0,1850,7.5229411,1998,20,2.7650604,0,0,0,0
$1850,chicago,chicago suburbs,1998 Toyota Camry LX,good,6 cylinders,fwd,gas,15.88,brown,compact,automatic,sedan,0,1850,7.5229411,1998,20,2.7650604,0,0,0,0
$6500,chicago,chicago suburbs,2008 toyota camry le,excellent,4 cylinders,rwd,gas,10.9,black,full-size,automatic,sedan,0,6500,8.7795572,2008,10,2.3887627,1,0,0,0
$2400,chicago,indiana NW,2005 Toyota Camry XLE,good,6 cylinders,fwd,gas,16.5,silver,mid-size,automatic,NA,0,2400,7.7832241,2005,13,2.8033605,0,1,0,0
$3950,chicago,indiana NW,2005 toyota camry le,good,4 cylinders,fwd,gas,15.8,grey,full-size,automatic,sedan,0,3950,8.2814713,2005,13,2.76001,1,0,0,0
$3985,chicago,chicago S,1997 toyota camry,excellent,6 cylinders,4wd,gas,10.148,NA,NA,automatic,sedan,1,3985,8.2902927,1997,21,2.3172767,0,0,0,0
$2000,chicago,chicago S,1999 toyota camry,NA,NA,NA,gas,17.01991844177246,NA,NA,automatic,NA,0,2000,7.6009026,1999,19,2.8343844,0,0,0,0
$1400,chicago,chicago S,2000 toyota camry xle,excellent,6 cylinders,fwd,gas,16.7,black,compact,automatic,sedan,0,1400,7.2442274,2000,18,2.8154087,0,1,0,0
$3980,chicago,chicago S,2001 Toyota Camry,NA,NA,NA,gas,11.3159,NA,NA,automatic,NA,0,3980,8.2890368,2001,17,2.4262087,0,0,0,0
$5900,chicago,chicago S,2009 toyota camry hybrid,good,NA,fwd,gas,20.7,blue,full-size,other,sedan,0,5900,8.6827078,2009,9,3.0301337,0,0,0,1
$6500,chicago,chicago S,2011 toyota camry,NA,NA,NA,gas,10.32304763793945,NA,NA,automatic,NA,0,6500,8.7795572,2011,7,2.334379,0,0,0,0
$8900,chicago,chicago S,2008 toyota camry,NA,NA,NA,gas,12.54811191558838,red,NA,automatic,NA,0,8900,9.0938063,2008,10,2.5295701,0,0,0,0
$2000,chicago,chicago S,1999 Toyota camry,NA,NA,NA,gas,17.01991844177246,NA,NA,automatic,NA,0,2000,7.6009026,1999,19,2.8343844,0,0,0,0
$2400,chicago,chicago W,2000 Toyota_ Camry_,excellent,4 cylinders,fwd,gas,16.6457,grey,mid-size,automatic,sedan,1,2400,7.7832241,2000,18,2.8121519,0,0,0,0
$5999,chicago,chicago W,2009 toyota camry le,like new,4 cylinders,fwd,gas,13.2572,silver,full-size,automatic,sedan,1,5999,8.6993484,2009,9,2.5845408,1,0,0,0
$9300,chicago,chicago W,2011 toyota camry xle,excellent,6 cylinders,fwd,gas,9.065300000000001,green,full-size,automatic,sedan,1,9300,9.1377697,2011,7,2.2044539,0,1,0,0
$11877,chicago,chicago W,2012 TOYOTA CAMRY HYBRID XLE,excellent,4 cylinders,fwd,hybrid,11.2707,white,mid-size,automatic,NA,1,11877,9.3823595,2012,6,2.4222064,0,1,0,1
$10500,chicago,chicago W,2013 Toyota_ Camry_,excellent,4 cylinders,fwd,gas,6.2628,grey,mid-size,automatic,sedan,1,10500,9.2591305,2013,5,1.8346274,0,0,0,0
$12900,chicago,chicago W,2016 Toyota_ Camry_,excellent,4 cylinders,fwd,gas,5.2482,black,mid-size,automatic,sedan,1,12900,9.464983,2016,2,1.6578852,0,0,0,0
$3300,chicago,chicago W,2004 Toyota camry,NA,NA,NA,gas,15.40804576873779,NA,NA,automatic,NA,0,3300,8.1016779,2004,14,2.7348897,0,0,0,0
$4400,chicago,chicago W,2004 toyota camry le 4dr sedan,excellent,4 cylinders,fwd,gas,10.5,silver,mid-size,automatic,sedan,0,4400,8.3893595,2004,14,2.3513753,1,0,1,0
$2074,chicago,chicago W,2010 TOYOTA CAMRY,NA,NA,NA,gas,14.66399955749512,NA,NA,automatic,NA,0,2074,7.6372342,2010,8,2.6853955,0,0,0,0
$800,chicago,chicago W,2000 TOYOTA CAMRY,NA,4 cylinders,NA,gas,16.83345794677734,NA,NA,automatic,NA,0,800,6.6846118,2000,18,2.8233685,0,0,0,0
$5985,chicago,chicago W,2002 Toyota Camry Solara,excellent,NA,NA,gas,7.7734,NA,NA,automatic,NA,0,5985,8.6970119,2002,16,2.0507076,0,0,0,0
$5300,chicago,chicago W,2002 Toyota Camry XLE,excellent,4 cylinders,fwd,gas,13.8,silver,NA,automatic,sedan,0,5300,8.5754623,2002,16,2.6246686,0,1,0,0
$2700,chicago,chicago W,2003 Toyota Camry,good,4 cylinders,fwd,gas,21.8,grey,NA,automatic,NA,0,2700,7.9010072,2003,15,3.0819099,0,0,0,0
$3600,chicago,chicago W,2004 toyota camry solara,good,6 cylinders,fwd,gas,16.8,red,compact,automatic,coupe,0,3600,8.1886892,2004,14,2.8213789,0,0,0,0
$5250,chicago,chicago W,2008 toyota camry,excellent,4 cylinders,fwd,gas,17.7,grey,NA,automatic,sedan,0,5250,8.5659838,2008,10,2.8735647,0,0,0,0
$6750,chicago,chicago W,2009 toyota camry,excellent,4 cylinders,fwd,gas,12.85,black,NA,automatic,sedan,0,6750,8.8172979,2009,9,2.5533438,0,0,0,0
$3200,chicago,chicago W,2011 toyota camry hybrid,good,4 cylinders,fwd,hybrid,35,white,NA,automatic,sedan,0,3200,8.0709057,2011,7,3.5553482,0,0,0,1
$9995,chicago,chicago W,2012 toyota camry se 4dr sedan,excellent,4 cylinders,fwd,gas,10.5,white,full-size,automatic,sedan,0,9995,9.2098398,2012,6,2.3513753,0,0,1,0
$1300,chicago,chicago W,1994 Toyota Camry,NA,NA,NA,gas,13.8,NA,NA,automatic,NA,0,1300,7.1701198,1994,24,2.6246686,0,0,0,0
$2071,chicago,chicago W,2010 TOYOTA CAMRY,NA,NA,NA,gas,14.66399955749512,NA,NA,automatic,NA,0,2071,7.635787,2010,8,2.6853955,0,0,0,0
$1300,chicago,chicago W,1993 toyota camry,good,6 cylinders,fwd,gas,15.1,NA,NA,automatic,NA,0,1300,7.1701198,1993,25,2.7146947,0,0,0,0
$2799,chicago,chicago S,1999 TOYOTA CAMRY,NA,4 cylinders,NA,gas,13.9745,white,NA,automatic,sedan,1,2799,7.9370174,1999,19,2.6372342,0,0,0,0
$2800,chicago,chicago N,1997 Toyota Camry,NA,NA,NA,gas,18.7007999420166,NA,NA,automatic,NA,0,2800,7.9373746,1997,21,2.9285662,0,0,0,0
$2200,chicago,chicago city,1993 Toyota Camry,NA,NA,NA,gas,21.91666603088379,NA,NA,automatic,NA,0,2200,7.6962128,1993,25,3.0872474,0,0,0,0
$7250,chicago,chicago W,2009 toyota camry,excellent,4 cylinders,fwd,gas,12.85,black,NA,automatic,sedan,0,7250,8.8887568,2009,9,2.5533438,0,0,0,0
$16900,chicago,indiana NW,2017 Toyota Camry SE,NA,NA,NA,gas,1.872816681861877,NA,NA,automatic,NA,1,16900,9.7350693,2017,1,.62744355,0,0,1,0
$1600,chicago,indiana NW,1998 1998 TOYOTA CAMRY,NA,NA,NA,gas,16.82425880432129,NA,NA,automatic,NA,0,1600,7.377759,1998,20,2.8228219,0,0,0,0
$9449,chicago,chicago W,2012 TOYOTA CAMRY,NA,NA,fwd,other,11.2143,black,NA,automatic,sedan,1,9449,9.1536646,2012,6,2.4171898,0,0,0,0
$2200,chicago,chicago W,2001 toyota camry,good,4 cylinders,fwd,gas,14.6,silver,mid-size,automatic,sedan,0,2200,7.6962128,2001,17,2.6810215,0,0,0,0
$2700,chicago,chicago N,1993 Toyota Camry XLE V6,NA,NA,NA,gas,21.91666603088379,black,NA,automatic,sedan,0,2700,7.9010072,1993,25,3.0872474,0,1,0,0
$7700,chicago,chicago city,2008 toyota camry hybrid,NA,4 cylinders,fwd,gas,6.58,NA,NA,automatic,NA,0,7700,8.9489756,2008,10,1.8840348,0,0,0,1
$1600,chicago,chicago city,1998 toyota camry,NA,NA,NA,gas,16.82425880432129,NA,NA,automatic,NA,0,1600,7.377759,1998,20,2.8228219,0,0,0,0
$10900,chicago,chicago suburbs,2007 TOYOTA CAMRY SOLARA,NA,NA,fwd,other,8.3804,NA,NA,automatic,convertible,1,10900,9.2965183,2007,11,2.1258957,0,0,0,0
$1500,chicago,chicago city,2007 toyota camry,NA,6 cylinders,fwd,gas,11.62693023681641,grey,full-size,automatic,NA,0,1500,7.3132205,2007,11,2.4533241,0,0,0,0
$3550,chicago,chicago N,2002 toyota camry le 4cyl,good,4 cylinders,fwd,gas,17.3906,blue,mid-size,automatic,sedan,0,3550,8.1747026,2002,16,2.8559299,1,0,0,0
$3200,chicago,chicago city,2004 TOYOTA CAMRY LE,excellent,4 cylinders,fwd,gas,11.9,white,NA,automatic,sedan,0,3200,8.0709057,2004,14,2.4765384,1,0,0,0
$3200,chicago,chicago W,2002 toyota camry,good,6 cylinders,fwd,gas,17.5,green,mid-size,automatic,sedan,0,3200,8.0709057,2002,16,2.862201,0,0,0,0
$14000,chicago,chicago S,2015 toyota camry le,good,4 cylinders,fwd,gas,6.0215,grey,NA,automatic,NA,0,14000,9.546813,2015,3,1.7953364,1,0,0,0
$5800,chicago,indiana NW,2007 Toyota Camry,good,NA,NA,gas,13,NA,NA,automatic,NA,0,5800,8.6656132,2007,11,2.5649493,0,0,0,0
$6929,chicago,chicago suburbs,2003 TOYOTA CAMRY LE,NA,NA,NA,gas,6.5756,NA,NA,automatic,NA,0,6929,8.8434706,2003,15,1.8833659,1,0,0,0
$1900,chicago,chicago W,2000 toyota camry solara,NA,NA,NA,gas,16.83345794677734,NA,NA,automatic,NA,0,1900,7.5496092,2000,18,2.8233685,0,0,0,0
$2700,chicago,chicago N,1993 Toyota Camry XLE V6,NA,NA,NA,gas,21.91666603088379,NA,NA,automatic,NA,0,2700,7.9010072,1993,25,3.0872474,0,1,0,0
$2200,chicago,chicago N,1993 Toyota Camry,NA,NA,NA,gas,21.91666603088379,NA,NA,automatic,NA,0,2200,7.6962128,1993,25,3.0872474,0,0,0,0
$8300,chicago,indiana NW,2011 Toyota Camry,NA,NA,NA,gas,10.32304763793945,NA,NA,automatic,NA,0,8300,9.0240107,2011,7,2.334379,0,0,0,0
$7700,chicago,chicago city,2008 Toyota camry,NA,NA,NA,gas,8.5,NA,NA,automatic,NA,0,7700,8.9489756,2008,10,2.1400661,0,0,0,0
$8300,chicago,chicago city,2011 Toyota Camry,NA,NA,NA,gas,10.32304763793945,NA,NA,automatic,NA,0,8300,9.0240107,2011,7,2.334379,0,0,0,0
$18495,chicago,chicago S,2017 toyota camry,excellent,4 cylinders,4wd,gas,.2319,NA,NA,automatic,sedan,1,18495,9.8252554,2017,1,-1.461449,0,0,0,0
$2069,chicago,chicago S,2010 TOYOTA CAMRY,NA,NA,NA,gas,14.66399955749512,NA,NA,automatic,NA,0,2069,7.6348205,2010,8,2.6853955,0,0,0,0
$4400,chicago,chicago N,2005 toyota camry,excellent,4 cylinders,fwd,gas,12.3,NA,full-size,automatic,sedan,0,4400,8.3893595,2005,13,2.5095992,0,0,0,0
$3900,chicago,chicago city,2004 Toyota Camry,good,4 cylinders,NA,gas,13.6559,black,NA,automatic,sedan,0,3900,8.2687321,2004,14,2.6141717,0,0,0,0
$5500,chicago,chicago S,2008 toyota camry hybrid,like new,4 cylinders,NA,gas,25.7,black,NA,automatic,NA,0,5500,8.6125031,2008,10,3.246491,0,0,0,1
$4500,chicago,chicago N,2002 toyota camry solara convertible,good,6 cylinders,NA,gas,10.3245,NA,NA,automatic,NA,0,4500,8.4118328,2002,16,2.3345196,0,0,0,0
$4500,chicago,chicago S,2007 toyota camry solara,excellent,4 cylinders,fwd,gas,15.9,silver,NA,automatic,coupe,0,4500,8.4118328,2007,11,2.766319,0,0,0,0
$2500,chicago,chicago suburbs,2005 toyota camry,fair,6 cylinders,4wd,gas,22.8,grey,full-size,automatic,sedan,0,2500,7.8240461,2005,13,3.1267605,0,0,0,0
$1500,chicago,chicago city,1998 toyota camry,NA,NA,NA,gas,16.82425880432129,NA,NA,automatic,NA,0,1500,7.3132205,1998,20,2.8228219,0,0,0,0
$14491,chicago,chicago W,2015 Toyota Camry,NA,4 cylinders,fwd,gas,4.96,white,NA,automatic,sedan,1,14491,9.5812826,2015,3,1.6014057,0,0,0,0
$3700,chicago,indiana NW,2005 toyota camry le,good,4 cylinders,fwd,gas,15.8,grey,full-size,automatic,sedan,0,3700,8.2160883,2005,13,2.76001,1,0,0,0
$1500,chicago,indiana NW,2004 Toyota camry,NA,NA,NA,gas,15.40804576873779,NA,NA,automatic,NA,0,1500,7.3132205,2004,14,2.7348897,0,0,0,0
$1500,chicago,indiana NW,2001 toyota camry,fair,6 cylinders,fwd,gas,18,NA,full-size,automatic,NA,0,1500,7.3132205,2001,17,2.8903718,0,0,0,0
$6499,chicago,chicago suburbs,2009 Toyota Camry,NA,4 cylinders,fwd,gas,11.8068,black,mid-size,automatic,sedan,1,6499,8.7794037,2009,9,2.4686756,0,0,0,0
$9995,chicago,chicago city,2007 toyota camry le,excellent,4 cylinders,fwd,gas,11.62693023681641,blue,mid-size,automatic,NA,1,9995,9.2098398,2007,11,2.4533241,1,0,0,0
$11386,chicago,chicago suburbs,2012 Toyota Camry,NA,4 cylinders,fwd,gas,8.0504,silver,mid-size,automatic,sedan,1,11386,9.3401394,2012,6,2.0857217,0,0,0,0
$13906,chicago,chicago W,2015 Toyota Camry,NA,4 cylinders,fwd,gas,6.1448,black,mid-size,automatic,sedan,1,13906,9.5400753,2015,3,1.8156062,0,0,0,0
$4950,chicago,chicago S,2006 toyota camry solara convertible,excellent,6 cylinders,fwd,gas,14,silver,mid-size,automatic,convertible,0,4950,8.507143,2006,12,2.6390574,0,0,0,0
$5390,chicago,chicago W,2007 toyota camry le,excellent,4 cylinders,fwd,gas,14.55,yellow,NA,automatic,sedan,0,5390,8.5923004,2007,11,2.6775911,1,0,0,0
$1800,chicago,chicago city,1998 toyota camry,good,NA,fwd,gas,16.82425880432129,green,full-size,automatic,sedan,1,1800,7.495542,1998,20,2.8228219,0,0,0,0
$6995,chicago,chicago suburbs,2009 Toyota Camry SE,good,4 cylinders,fwd,gas,12.4,red,mid-size,automatic,sedan,0,6995,8.852951,2009,9,2.5176964,0,0,1,0
$500,chicago,chicago city,2011 toyota camry xle,NA,NA,NA,gas,10.32304763793945,NA,NA,automatic,NA,1,500,6.2146082,2011,7,2.334379,0,1,0,0
$6000,chicago,chicago city,2005 toyota camry le,good,4 cylinders,fwd,gas,12.1,silver,full-size,automatic,sedan,0,6000,8.6995144,2005,13,2.4932055,1,0,0,0
$13995,chicago,chicago S,2014 toyota camry,excellent,4 cylinders,4wd,gas,3.9298,white,NA,automatic,sedan,1,13995,9.5464554,2014,4,1.3685886,0,0,0,0
$4900,chicago,chicago city,2008 Toyota_ Camry_ Solara_,excellent,6 cylinders,fwd,gas,15.5386,black,sub-compact,automatic,convertible,1,4900,8.4969902,2008,10,2.7433271,0,0,0,0
$6490,chicago,chicago W,2007 Toyota Camry,excellent,4 cylinders,fwd,gas,11.5515,silver,mid-size,automatic,sedan,1,6490,8.778018,2007,11,2.4468153,0,0,0,0
$12500,chicago,chicago city,2013 Toyota_ Camry_,excellent,4 cylinders,fwd,gas,6.3,silver,mid-size,automatic,sedan,1,12500,9.4334841,2013,5,1.8405496,0,0,0,0
$5500,chicago,chicago suburbs,2004 toyota camry,NA,NA,NA,gas,13.4333,NA,NA,automatic,sedan,1,5500,8.6125031,2004,14,2.5977366,0,0,0,0
$6000,chicago,chicago suburbs,2008 toyota camry le,excellent,4 cylinders,rwd,gas,10.9,black,full-size,automatic,sedan,0,6000,8.6995144,2008,10,2.3887627,1,0,0,0
$12000,chicago,chicago S,2013 toyota camry se,good,4 cylinders,NA,gas,7.6,silver,NA,automatic,NA,0,12000,9.392662,2013,5,2.0281482,0,0,1,0
$3499,chicago,chicago suburbs,2002 toyota camry,good,6 cylinders,fwd,gas,16.2,red,NA,automatic,convertible,0,3499,8.1602325,2002,16,2.7850113,0,0,0,0
$1000,chicago,chicago suburbs,1999 toyota camry le,good,6 cylinders,NA,gas,16.3,NA,NA,automatic,NA,0,1000,6.9077554,1999,19,2.7911651,1,0,0,0
$3500,chicago,chicago N,2002 toyota camry le 4cyl,good,4 cylinders,fwd,gas,17.3906,blue,mid-size,automatic,sedan,0,3500,8.1605186,2002,16,2.8559299,1,0,0,0
$1999,chicago,chicago suburbs,2009 toyota camry hybrid,fair,4 cylinders,fwd,hybrid,23,black,full-size,automatic,sedan,0,1999,7.6004024,2009,9,3.1354942,0,0,0,1
$3900,chicago,chicago city,2002 2002 Toyota camry,NA,NA,NA,gas,14.32672119140625,NA,NA,automatic,NA,0,3900,8.2687321,2002,16,2.6621263,0,0,0,0
$2800,chicago,chicago S,2003 toyota camry,excellent,4 cylinders,fwd,gas,17,grey,mid-size,automatic,NA,0,2800,7.9373746,2003,15,2.8332133,0,0,0,0
$5800,chicago,chicago W,2010 toyota camry le,excellent,4 cylinders,fwd,gas,14.4,NA,NA,automatic,NA,0,5800,8.6656132,2010,8,2.6672282,1,0,0,0
$3300,chicago,chicago W,2004 Toyota Camry le,like new,4 cylinders,fwd,gas,12.7,blue,mid-size,automatic,sedan,0,3300,8.1016779,2004,14,2.5416019,1,0,0,0
$1099,chicago,chicago N,2001 Toyota Camry,good,4 cylinders,fwd,gas,13.9,silver,NA,automatic,NA,0,1099,7.0021558,2001,17,2.6318889,0,0,0,0
$2499,chicago,chicago suburbs,2001 Toyota Camry.,good,4 cylinders,fwd,gas,11.5,silver,full-size,automatic,sedan,0,2499,7.8236461,2001,17,2.442347,0,0,0,0
$7999,chicago,chicago city,2010 TOYOTA CAMRY,NA,NA,fwd,gas,8.140000000000001,blue,NA,automatic,sedan,1,7999,8.987072,2010,8,2.0967901,0,0,0,0
$500,chicago,chicago city,2014 TOYOTA CAMRY LE 2.4,excellent,6 cylinders,fwd,gas,4.791686534881592,black,mid-size,automatic,truck,1,500,6.2146082,2014,4,1.5668825,1,0,0,0
$206,chicago,chicago city,2015 Toyota Camry BAD CREDIT OK,NA,4 cylinders,NA,gas,4.963212966918945,grey,NA,automatic,sedan,1,206,5.3278761,2015,3,1.6020533,0,0,0,0
$3900,chicago,chicago city,2002 Toyota Camry LE Sedan,excellent,4 cylinders,fwd,gas,16.9435,grey,mid-size,automatic,sedan,0,3900,8.2687321,2002,16,2.8298843,1,0,0,0
$5495,chicago,chicago N,2005 Toyota Camry,excellent,4 cylinders,fwd,gas,14.8987,red,mid-size,automatic,sedan,1,5495,8.6115942,2005,13,2.7012739,0,0,0,0
$2995,chicago,chicago S,2003 Toyota Camry LE,NA,NA,fwd,gas,16.5533,silver,NA,automatic,sedan,1,2995,8.0046997,2003,15,2.8065856,1,0,0,0
$2700,chicago,chicago city,2003 Toyota Camry,NA,4 cylinders,NA,gas,14.08167171478271,NA,NA,automatic,NA,0,2700,7.9010072,2003,15,2.6448741,0,0,0,0
$5249,chicago,chicago suburbs,1999 toyota camry,excellent,6 cylinders,NA,gas,11.4,NA,NA,automatic,sedan,0,5249,8.565793,1999,19,2.4336133,0,0,0,0
$12995,chicago,chicago city,2015 TOYOTA CAMRY,NA,NA,fwd,gas,2.5929,black,NA,automatic,sedan,1,12995,9.4723196,2015,3,.95277697,0,0,0,0
$3000,chicago,chicago city,2002 toyota camry solara,excellent,6 cylinders,NA,gas,15,blue,compact,automatic,coupe,0,3000,8.0063677,2002,16,2.7080503,0,0,0,0
$16257,chicago,chicago suburbs,2015 Toyota Camry,NA,4 cylinders,fwd,gas,1.5955,silver,mid-size,automatic,sedan,1,16257,9.6962786,2015,3,.46718717,0,0,0,0
$15910,chicago,chicago city,2015 Toyota Camry,NA,4 cylinders,fwd,gas,3.1078,silver,NA,automatic,sedan,1,15910,9.6747036,2015,3,1.1339151,0,0,0,0
$9700,chicago,NA,2011 Toyota Camry,NA,4 cylinders,fwd,gas,6.4628,black,NA,automatic,sedan,1,9700,9.1798811,2011,7,1.8660626,0,0,0,0
$11995,chicago,chicago city,2015 TOYOTA CAMRY,NA,NA,fwd,gas,7.1225,black,NA,automatic,sedan,1,11995,9.3922453,2015,3,1.9632587,0,0,0,0
$14991,chicago,chicago city,2014 Toyota Camry,NA,4 cylinders,fwd,gas,4.7536,silver,mid-size,automatic,sedan,1,14991,9.6152058,2014,4,1.5589023,0,0,0,0
$15966,chicago,chicago suburbs,2015 Toyota Camry,NA,4 cylinders,fwd,gas,1.6867,grey,mid-size,automatic,sedan,1,15966,9.6782169,2015,3,.52277398,0,0,0,0
$6700,chicago,chicago suburbs,2007 Toyota Camry se,excellent,4 cylinders,fwd,gas,13.1,silver,mid-size,automatic,sedan,0,6700,8.8098631,2007,11,2.5726123,0,0,1,0
$6997,chicago,chicago suburbs,2008 Toyota Camry Hybrid,NA,4 cylinders,fwd,hybrid,13.6864,custom,mid-size,automatic,sedan,1,6997,8.8532372,2008,10,2.6164026,0,0,0,1
$985,chicago,chicago city,1995 toyota camry,like new,4 cylinders,NA,gas,20.04253387451172,NA,NA,automatic,NA,0,985,6.8926415,1995,23,2.9978566,0,0,0,0
$1200,chicago,chicago city,1999 toyota camry,excellent,4 cylinders,NA,gas,25.3,NA,full-size,automatic,NA,0,1200,7.0900769,1999,19,3.2308044,0,0,0,0
$7900,chicago,chicago N,2009 toyota camry,excellent,4 cylinders,fwd,gas,118,red,full-size,automatic,NA,0,7900,8.974618,2009,9,4.7706847,0,0,0,0
$6500,chicago,chicago city,2007 Toyota Camry,good,4 cylinders,NA,gas,11.62693023681641,NA,NA,automatic,NA,0,6500,8.7795572,2007,11,2.4533241,0,0,0,0
$16489,chicago,chicago W,2014 toyota camry,like new,4 cylinders,fwd,gas,2.4691,grey,full-size,automatic,sedan,0,16489,9.7104492,2014,4,.90385371,0,0,0,0
$3950,chicago,chicago N,2007 toyota camry hybrid,excellent,4 cylinders,fwd,hybrid,18.23,blue,mid-size,automatic,sedan,1,3950,8.2814713,2007,11,2.9030685,0,0,0,1
$14000,chicago,chicago city,2013 Toyota Camry,good,4 cylinders,NA,gas,5.0608,red,NA,automatic,NA,0,14000,9.546813,2013,5,1.6215246,0,0,0,0
$4000,chicago,chicago W,2002 toyota camry le 4dr sedan,good,6 cylinders,fwd,gas,15.9282,red,NA,automatic,sedan,0,4000,8.2940493,2002,16,2.7680912,1,0,1,0
$1695,chicago,chicago W,2000 toyota camry le,good,4 cylinders,fwd,gas,18.3973,NA,NA,automatic,sedan,0,1695,7.4354382,2000,18,2.912204,1,0,0,0
$985,chicago,chicago city,1995 toyota camry,like new,NA,NA,gas,20.04253387451172,NA,NA,automatic,NA,0,985,6.8926415,1995,23,2.9978566,0,0,0,0
$14487,chicago,chicago suburbs,2014 Toyota Camry,excellent,6 cylinders,fwd,gas,4.902,silver,NA,automatic,sedan,1,14487,9.581007,2014,4,1.5896432,0,0,0,0
$2100,chicago,chicago city,1998 toyota camry,NA,4 cylinders,fwd,gas,16.82425880432129,white,NA,automatic,NA,0,2100,7.6496925,1998,20,2.8228219,0,0,0,0
$14388,chicago,chicago suburbs,2012 Toyota Camry,NA,4 cylinders,fwd,gas,5.7619,custom,mid-size,automatic,sedan,1,14388,9.5741501,2012,6,1.7512673,0,0,0,0
$14590,chicago,chicago city,2016 Toyota Camry  LE    2016,new,4 cylinders,fwd,gas,4.8192,white,NA,automatic,NA,0,14590,9.5880919,2016,2,1.572608,1,0,0,0
$16499,chicago,chicago city,2017 TOYOTA CAMRY,NA,NA,fwd,gas,2.9439,black,NA,automatic,sedan,1,16499,9.7110548,2017,1,1.0797353,0,0,0,0
$6300,chicago,chicago suburbs,2006 Toyota_ Camry_,excellent,4 cylinders,fwd,gas,10,white,mid-size,automatic,sedan,1,6300,8.7483053,2006,12,2.3025851,0,0,0,0
$11700,chicago,chicago suburbs,2014 Toyota Camry SE,good,4 cylinders,fwd,gas,4.3,grey,NA,automatic,sedan,0,11700,9.3673439,2014,4,1.4586151,0,0,1,0
$14388,chicago,chicago N,2012 Toyota Camry,NA,4 cylinders,fwd,gas,5.7619,custom,mid-size,automatic,sedan,1,14388,9.5741501,2012,6,1.7512673,0,0,0,0
$1600,chicago,chicago city,2001 Toyota Camry,NA,NA,NA,gas,16.20146942138672,NA,NA,automatic,NA,0,1600,7.377759,2001,17,2.7851019,0,0,0,0
$12322,chicago,chicago city,2015 TOYOTA CAMRY,NA,NA,fwd,gas,6.0499,NA,NA,automatic,sedan,1,12322,9.4191418,2015,3,1.8000418,0,0,0,0
$3000,chicago,chicago city,2002 Toyota Camry,NA,4 cylinders,NA,gas,16.84,NA,NA,automatic,NA,0,3000,8.0063677,2002,16,2.8237569,0,0,0,0
$7499,chicago,chicago suburbs,2009 Toyota Camry,NA,4 cylinders,NA,gas,13.04,red,NA,automatic,sedan,1,7499,8.9225254,2009,9,2.5680215,0,0,0,0
$8800,chicago,chicago suburbs,2005 toyota camry le,like new,4 cylinders,fwd,gas,6.4339,grey,mid-size,automatic,sedan,0,8800,9.0825071,2005,13,1.8615808,1,0,0,0
$5577,chicago,chicago W,2009 toyota camry hybrid,NA,NA,NA,gas,16.45036315917969,NA,NA,automatic,NA,1,5577,8.6264067,2009,9,2.8003476,0,0,0,1
$2500,chicago,chicago N,2005 Toyota Camry V6,excellent,6 cylinders,fwd,gas,20.12,silver,mid-size,automatic,sedan,1,2500,7.8240461,2005,13,3.0017142,0,0,0,0
$4800,chicago,chicago suburbs,2007 Toyota Camry,NA,4 cylinders,fwd,gas,17.9758,silver,NA,automatic,sedan,1,4800,8.4763708,2007,11,2.8890264,0,0,0,0
$2995,chicago,chicago W,2001 TOYOTA CAMRY,NA,NA,fwd,other,15.5447,green,NA,automatic,sedan,1,2995,8.0046997,2001,17,2.7437198,0,0,0,0
$8995,chicago,chicago suburbs,2011 Toyota_ Camry_,excellent,4 cylinders,fwd,gas,10,grey,mid-size,automatic,sedan,1,8995,9.1044245,2011,7,2.3025851,0,0,0,0
$14990,chicago,chicago W,2015 Toyota Camry,NA,4 cylinders,fwd,gas,5.5396,black,NA,automatic,sedan,1,14990,9.615139,2015,3,1.7119223,0,0,0,0
$12500,chicago,chicago suburbs,2006 TOYOTA CAMRY SE,good,4 cylinders,fwd,gas,8.430400000000001,silver,full-size,automatic,sedan,1,12500,9.4334841,2006,12,2.1318443,0,0,1,0
$1600,chicago,chicago city,2001 toyota camry le,NA,NA,NA,gas,16.20146942138672,NA,NA,automatic,NA,0,1600,7.377759,2001,17,2.7851019,1,0,0,0
$2500,chicago,chicago city,2004 toyota camry solara,NA,NA,NA,gas,15.40804576873779,NA,NA,automatic,NA,0,2500,7.8240461,2004,14,2.7348897,0,0,0,0
$10695,chicago,chicago city,2011 toyota camry le,NA,NA,fwd,gas,6.0154,NA,NA,automatic,NA,0,10695,9.2775316,2011,7,1.7943228,1,0,0,0
$3999,chicago,chicago suburbs,2006 TOYOTA CAMRY LE,NA,4 cylinders,NA,gas,14.155,red,NA,automatic,sedan,1,3999,8.2937994,2006,12,2.6500678,1,0,0,0
$4500,chicago,chicago N,2007 toyota camry,good,NA,NA,hybrid,11.62693023681641,NA,NA,automatic,NA,0,4500,8.4118328,2007,11,2.4533241,0,0,0,0
$4500,chicago,chicago N,2005 toyota camry le,NA,NA,NA,gas,9.5,NA,NA,automatic,NA,0,4500,8.4118328,2005,13,2.2512918,1,0,0,0
$16950,chicago,chicago N,2015 toyota camry hybrid,excellent,4 cylinders,fwd,gas,4.6681,blue,NA,automatic,sedan,0,16950,9.7380228,2015,3,1.5407522,0,0,0,1
$4995,chicago,chicago S,2009 Toyota Camry,NA,NA,fwd,gas,14.5777,silver,NA,automatic,sedan,1,4995,8.5161924,2009,9,2.679493,0,0,0,0
$8995,chicago,chicago suburbs,2011 Toyota_ Camry_,excellent,4 cylinders,fwd,gas,9.9999,grey,mid-size,automatic,sedan,1,8995,9.1044245,2011,7,2.3025751,0,0,0,0
$11988,chicago,chicago city,2013 TOYOTA CAMRY,NA,NA,fwd,gas,6.7513,black,NA,automatic,sedan,1,11988,9.3916616,2013,5,1.9097351,0,0,0,0
$1650,chicago,chicago city,1999 toyota camry le,good,4 cylinders,fwd,gas,16.43,NA,NA,automatic,sedan,0,1650,7.4085307,1999,19,2.799109,1,0,0,0
$3590,chicago,chicago W,2002 toyota camry,good,6 cylinders,fwd,gas,12.8,brown,full-size,automatic,sedan,0,3590,8.1859074,2002,16,2.5494452,0,0,0,0
$8980,chicago,chicago suburbs,2006 Toyota_ Camry_,excellent,4 cylinders,fwd,gas,3.8,grey,mid-size,automatic,sedan,1,8980,9.1027555,2006,12,1.3350011,0,0,0,0
$3990,chicago,chicago city,2002 toyota camry le,like new,6 cylinders,fwd,gas,14.1,black,mid-size,automatic,sedan,1,3990,8.2915468,2002,16,2.6461749,1,0,0,0
$10988,chicago,chicago city,2012 TOYOTA CAMRY,NA,NA,fwd,gas,7.7938,blue,NA,automatic,sedan,1,10988,9.3045588,2012,6,2.0533285,0,0,0,0
$11900,chicago,NA,2014 Toyota Camry,NA,4 cylinders,fwd,gas,6.7393,red,NA,automatic,sedan,1,11900,9.3842936,2014,4,1.907956,0,0,0,0
$1000,chicago,chicago city,1997 toyota camry xle,NA,4 cylinders,fwd,gas,24,blue,NA,automatic,NA,0,1000,6.9077554,1997,21,3.1780539,0,1,0,0
$6950,chicago,chicago suburbs,2007 toyota camry hybrid,excellent,4 cylinders,fwd,hybrid,13.9987,blue,full-size,automatic,sedan,0,6950,8.8464966,2007,11,2.6389644,0,0,0,1
$11500,chicago,chicago S,2012 toyota camry se,like new,4 cylinders,NA,gas,11.3,black,NA,automatic,NA,0,11500,9.3501024,2012,6,2.4248028,0,0,1,0
$800,chicago,chicago N,1998 toyota camry,good,4 cylinders,fwd,gas,22,NA,mid-size,automatic,NA,0,800,6.6846118,1998,20,3.0910425,0,0,0,0
$1100,chicago,indiana NW,1997 Toyota Camry XLE,good,6 cylinders,NA,gas,21.9,white,NA,automatic,sedan,0,1100,7.0030656,1997,21,3.0864866,0,1,0,0
$9977,chicago,NA,2011 Toyota Camry,NA,4 cylinders,fwd,gas,6.4628,black,NA,automatic,sedan,1,9977,9.2080374,2011,7,1.8660626,0,0,0,0
$10883,chicago,chicago city,2013 TOYOTA CAMRY,NA,NA,fwd,gas,7.2006,NA,NA,automatic,sedan,1,10883,9.2949572,2013,5,1.9741644,0,0,0,0
$9300,chicago,chicago city,2007 TOYOTA CAMRY V6 XLE,like new,6 cylinders,fwd,gas,5,silver,NA,automatic,sedan,0,9300,9.1377697,2007,11,1.6094379,0,1,0,0
$2595,chicago,chicago city,2002 Toyota Camry LE 4dr,NA,NA,NA,gas,14.32672119140625,NA,NA,automatic,NA,0,2595,7.861342,2002,16,2.6621263,1,0,0,0
$14900,chicago,chicago S,2014 toyota camry xle,excellent,4 cylinders,fwd,gas,2.389,silver,mid-size,automatic,sedan,0,14900,9.6091166,2014,4,.87087488,0,1,0,0
$3999,chicago,chicago S,2003 TOYOTA CAMRY,NA,6 cylinders,NA,gas,14.6651,white,NA,automatic,coupe,1,3999,8.2937994,2003,15,2.6854706,0,0,0,0
$14991,chicago,chicago N,2014 Toyota Camry,NA,4 cylinders,fwd,gas,4.7536,silver,mid-size,automatic,sedan,1,14991,9.6152058,2014,4,1.5589023,0,0,0,0
$5500,chicago,chicago city,2007 toyota camry,NA,4 cylinders,NA,gas,11.62693023681641,NA,NA,automatic,sedan,0,5500,8.6125031,2007,11,2.4533241,0,0,0,0
$14695,chicago,chicago S,2014 Toyota - Camry,excellent,other,NA,other,4.7853,custom,NA,other,sedan,1,14695,9.5952625,2014,4,1.5655488,0,0,0,0
$2300,chicago,chicago W,2005 toyota camry,good,6 cylinders,fwd,gas,18.65,grey,mid-size,automatic,NA,0,2300,7.7406645,2005,13,2.9258461,0,0,0,0
$9900,chicago,NA,2011 Toyota Camry,NA,4 cylinders,fwd,gas,6.4628,black,NA,automatic,sedan,1,9900,9.2002897,2011,7,1.8660626,0,0,0,0
$650,chicago,chicago city,1991 toyota camry,good,4 cylinders,fwd,gas,14,NA,NA,automatic,NA,0,650,6.4769726,1991,27,2.6390574,0,0,0,0
$4000,chicago,chicago city,2006 toyota camry,good,4 cylinders,NA,gas,15,black,full-size,automatic,sedan,0,4000,8.2940493,2006,12,2.7080503,0,0,0,0
$550,chicago,chicago S,1998 toyota camry le,NA,4 cylinders,NA,gas,14.5,black,mid-size,automatic,sedan,0,550,6.3099184,1998,20,2.6741486,1,0,0,0
$2799,chicago,chicago city,2000 toyota camry,excellent,4 cylinders,NA,gas,16.83345794677734,green,NA,automatic,NA,0,2799,7.9370174,2000,18,2.8233685,0,0,0,0
$6999,chicago,chicago S,2011 toyota camry le,good,NA,NA,gas,14.2,NA,NA,automatic,NA,0,6999,8.8535223,2011,7,2.6532419,1,0,0,0
$3400,chicago,chicago suburbs,2001 toyota camry,like new,NA,NA,gas,16.20146942138672,NA,NA,automatic,NA,0,3400,8.1315308,2001,17,2.7851019,0,0,0,0
$1790,chicago,chicago city,1999 toyota camry le,excellent,4 cylinders,fwd,gas,13.3,silver,mid-size,automatic,sedan,1,1790,7.4899707,1999,19,2.587764,1,0,0,0
$2200,chicago,chicago city,2005 toyota camry xle,NA,NA,NA,gas,14.38425159454346,NA,NA,automatic,NA,0,2200,7.6962128,2005,13,2.6661339,0,1,0,0
$4695,chicago,chicago W,2002 Toyota Camry Solara,NA,NA,NA,gas,14.32672119140625,NA,NA,automatic,NA,0,4695,8.4542532,2002,16,2.6621263,0,0,0,0
$8900,chicago,chicago S,2008 toyota camry,NA,NA,NA,gas,12.54811191558838,NA,NA,automatic,NA,0,8900,9.0938063,2008,10,2.5295701,0,0,0,0
$950,chicago,chicago W,1999 Toyota Camry,fair,NA,NA,gas,21.6,custom,NA,automatic,NA,0,950,6.856462,1999,19,3.0726933,0,0,0,0
$3599,chicago,chicago city,2004 toyota camry xle,NA,NA,NA,gas,15.40804576873779,NA,NA,automatic,NA,0,3599,8.1884117,2004,14,2.7348897,0,1,0,0
$11800,chicago,chicago suburbs,2014 Toyota Camry,good,4 cylinders,fwd,gas,3.154,black,NA,automatic,sedan,0,11800,9.3758545,2014,4,1.1486715,0,0,0,0
$5999,chicago,chicago S,2008 TOYOTA CAMRY SOLARA,NA,4 cylinders,NA,gas,12.9926,NA,NA,automatic,convertible,1,5999,8.6993484,2008,10,2.5643799,0,0,0,0
$850,chicago,chicago suburbs,1994 toyota camry,good,4 cylinders,fwd,gas,17.99,white,full-size,automatic,sedan,0,850,6.7452364,1994,24,2.889816,0,0,0,0
$1450,chicago,chicago suburbs,1998 toyota camry le,good,4 cylinders,fwd,gas,16.82425880432129,grey,full-size,automatic,sedan,0,1450,7.2793188,1998,20,2.8228219,1,0,0,0
$14995,chicago,chicago suburbs,2015 Toyota Camry LE,NA,NA,fwd,gas,9.014699999999999,black,NA,automatic,sedan,1,14995,9.6154718,2015,3,2.1988566,1,0,0,0
$6300,chicago,chicago W,2009 toyota camry le,like new,4 cylinders,fwd,gas,13.2572,silver,full-size,automatic,sedan,1,6300,8.7483053,2009,9,2.5845408,1,0,0,0
$5995,chicago,chicago city,2009 TOYOTA CAMRY LE,good,4 cylinders,fwd,gas,16.45036315917969,black,mid-size,automatic,NA,1,5995,8.6986809,2009,9,2.8003476,1,0,0,0
$6277,chicago,chicago suburbs,2005 Toyota Camry,excellent,4 cylinders,fwd,gas,8.5069,NA,mid-size,automatic,sedan,1,6277,8.744647,2005,13,2.1408775,0,0,0,0
$8300,chicago,chicago W,2011 toyota camry xle,excellent,6 cylinders,fwd,gas,9.065300000000001,green,full-size,automatic,sedan,1,8300,9.0240107,2011,7,2.2044539,0,1,0,0
$4499,chicago,chicago suburbs,2005 TOYOTA CAMRY SOLARA,NA,8 cylinders,NA,gas,13.65,red,NA,automatic,coupe,1,4499,8.4116106,2005,13,2.6137395,0,0,0,0
$6500,chicago,chicago city,2011 toyota camry le,excellent,4 cylinders,fwd,gas,14,black,compact,automatic,sedan,0,6500,8.7795572,2011,7,2.6390574,1,0,0,0
$6900,chicago,chicago city,2007 Toyota Camry Hybrid,good,4 cylinders,fwd,gas,12.0858,black,NA,automatic,sedan,1,6900,8.8392763,2007,11,2.4920311,0,0,0,1
$2950,chicago,chicago city,2003 Toyota Camry,NA,NA,NA,gas,10.5,NA,NA,automatic,NA,0,2950,7.9895606,2003,15,2.3513753,0,0,0,0
$12000,chicago,chicago city,2010 toyota camry se,NA,NA,NA,gas,14.66399955749512,NA,NA,automatic,NA,0,12000,9.392662,2010,8,2.6853955,0,0,1,0
$12910,chicago,chicago city,2012 Toyota Camry Hybrid,NA,4 cylinders,fwd,hybrid,11.6464,black,NA,automatic,sedan,1,12910,9.4657574,2012,6,2.4549971,0,0,0,1
$1800,chicago,chicago city,2002 toyota camry le,NA,4 cylinders,fwd,gas,14.32672119140625,silver,full-size,automatic,sedan,0,1800,7.495542,2002,16,2.6621263,1,0,0,0
$2098,chicago,chicago city,2003 toyota camry,good,4 cylinders,fwd,gas,18.9,NA,NA,automatic,sedan,0,2098,7.6487398,2003,15,2.939162,0,0,0,0
$12800,chicago,chicago city,2014 Toyota Camry,NA,NA,NA,gas,4.791686534881592,NA,NA,automatic,NA,0,12800,9.4572001,2014,4,1.5668825,0,0,0,0
$4500,chicago,chicago city,2007 Toyota Camry Solara Sport,NA,NA,NA,gas,11.62693023681641,NA,NA,automatic,NA,0,4500,8.4118328,2007,11,2.4533241,0,0,0,0
$8942,chicago,chicago city,2007 Toyota Camry,excellent,4 cylinders,fwd,gas,6.2999,black,mid-size,automatic,sedan,1,8942,9.0985146,2007,11,1.8405337,0,0,0,0
$700,chicago,chicago suburbs,1994 toyota camry,good,4 cylinders,fwd,gas,17.99,white,full-size,automatic,sedan,0,700,6.5510802,1994,24,2.889816,0,0,0,0
$6500,chicago,chicago city,2011 toyota camry,like new,4 cylinders,fwd,gas,12.5,white,compact,automatic,sedan,0,6500,8.7795572,2011,7,2.5257287,0,0,0,0
$8888,chicago,chicago city,2007 Toyota Camry,excellent,4 cylinders,fwd,gas,6.2999,black,mid-size,automatic,sedan,1,8888,9.0924578,2007,11,1.8405337,0,0,0,0
$6350,chicago,chicago W,2007 Toyota Camry,excellent,4 cylinders,fwd,gas,11.5515,silver,mid-size,automatic,sedan,1,6350,8.7562103,2007,11,2.4468153,0,0,0,0
$3700,chicago,chicago city,2004 toyota camry,good,4 cylinders,NA,gas,15.40804576873779,white,NA,automatic,NA,0,3700,8.2160883,2004,14,2.7348897,0,0,0,0
$9750,los angeles,LA westside-southbay,2010 toyota camry,like new,4 cylinders,fwd,gas,4.6,white,full-size,manual,sedan,0,9750,9.1850224,2010,8,1.5260563,0,0,0,0
$2600,chicago,chicago city,2003 toyota camry,excellent,4 cylinders,fwd,gas,14.3,silver,NA,automatic,NA,0,2600,7.8632669,2003,15,2.6602595,0,0,0,0
$4300,chicago,chicago city,2005 toyota camry,excellent,6 cylinders,NA,gas,15.74,silver,NA,automatic,NA,0,4300,8.3663702,2005,13,2.7562053,0,0,0,0
$14995,chicago,chicago city,2016 TOYOTA CAMRY,NA,NA,fwd,gas,4.095,black,NA,automatic,sedan,1,14995,9.6154718,2016,2,1.4097667,0,0,0,0
$500,chicago,chicago city,2014 TOYOTA CAMRY,like new,6 cylinders,fwd,gas,4.791686534881592,black,full-size,automatic,sedan,1,500,6.2146082,2014,4,1.5668825,0,0,0,0
$14000,chicago,chicago city,2013 toyota camry,excellent,NA,NA,gas,3.8,silver,NA,automatic,NA,0,14000,9.546813,2013,5,1.3350011,0,0,0,0
$9999,chicago,chicago city,2012 TOYOTA CAMRY,NA,NA,fwd,gas,10.8722,silver,NA,automatic,sedan,1,9999,9.2102404,2012,6,2.386209,0,0,0,0
$4999,chicago,chicago S,2004 TOYOTA CAMRY  SOLARA,NA,6 cylinders,NA,gas,7.8,white,NA,automatic,sedan,1,4999,8.5169935,2004,14,2.0541236,0,0,0,0
$9995,chicago,NA,2011 Toyota Camry,NA,4 cylinders,fwd,gas,6.4628,black,NA,automatic,sedan,1,9995,9.2098398,2011,7,1.8660626,0,0,0,0
$3200,chicago,chicago suburbs,2000 toyota camry,good,4 cylinders,fwd,gas,15,silver,full-size,automatic,sedan,0,3200,8.0709057,2000,18,2.7080503,0,0,0,0
$12488,chicago,NA,2014 Toyota Camry,NA,4 cylinders,fwd,gas,6.7393,red,NA,automatic,sedan,1,12488,9.4325237,2014,4,1.907956,0,0,0,0
$10995,chicago,chicago city,2011 Toyota Camry,NA,NA,fwd,gas,6.4655,black,NA,automatic,NA,1,10995,9.3051958,2011,7,1.8664804,0,0,0,0
$4900,chicago,chicago W,2006 toyota camry solara,good,4 cylinders,fwd,gas,14.1,silver,mid-size,automatic,coupe,0,4900,8.4969902,2006,12,2.6461749,0,0,0,0
$1500,chicago,chicago suburbs,2000 toyota camry,fair,4 cylinders,fwd,gas,18.62,silver,NA,automatic,sedan,0,1500,7.3132205,2000,18,2.9242363,0,0,0,0
$10000,chicago,chicago W,2011 Toyota Camry,excellent,4 cylinders,fwd,gas,5.3763,black,mid-size,automatic,sedan,1,10000,9.2103405,2011,7,1.6820004,0,0,0,0
$2300,los angeles,San Fernando,1998 toyota camry,excellent,4 cylinders,NA,gas,18.887,NA,NA,automatic,sedan,0,2300,7.7406645,1998,20,2.9384739,0,0,0,0
$3799,chicago,chicago suburbs,2000 TOYOTA CAMRY SOLARA,NA,6 cylinders,NA,gas,11.03,silver,NA,automatic,coupe,1,3799,8.2424936,2000,18,2.4006188,0,0,0,0
$3980,chicago,chicago S,2002 TOYOTA CAMRY LE,good,4 cylinders,fwd,gas,15.5987,silver,full-size,automatic,sedan,0,3980,8.2890368,2002,16,2.7471876,1,0,0,0
$1540,los angeles,San Fernando,2009 toyota camry,good,NA,NA,gas,16.45036315917969,NA,NA,automatic,NA,0,1540,7.3395376,2009,9,2.8003476,0,0,0,0
$15995,chicago,chicago city,2017 TOYOTA CAMRY,NA,NA,fwd,gas,5.4911,silver,NA,automatic,sedan,1,15995,9.6800318,2017,1,1.7031286,0,0,0,0
$780,chicago,chicago city,1999 toyota camry,NA,NA,NA,gas,17.01991844177246,NA,NA,automatic,NA,0,780,6.6592941,1999,19,2.8343844,0,0,0,0
$2100,chicago,chicago S,2001 toyota camry solara,NA,NA,NA,gas,20.8,white,mid-size,automatic,coupe,0,2100,7.6496925,2001,17,3.0349529,0,0,0,0
$2200,chicago,indiana NW,1995 Toyota Camry LE,fair,4 cylinders,fwd,gas,14.7856,brown,mid-size,automatic,sedan,0,2200,7.6962128,1995,23,2.6936538,1,0,0,0
$12750,chicago,chicago suburbs,2014 Toyota Camry,excellent,4 cylinders,fwd,gas,3.3551,blue,NA,automatic,sedan,1,12750,9.4532862,2014,4,1.2104815,0,0,0,0
$9899,chicago,NA,2011 Toyota Camry,NA,4 cylinders,fwd,gas,6.4628,black,NA,automatic,sedan,1,9899,9.2001886,2011,7,1.8660626,0,0,0,0
$12333,chicago,NA,2014 Toyota Camry,NA,4 cylinders,fwd,gas,6.7393,red,NA,automatic,sedan,1,12333,9.4200335,2014,4,1.907956,0,0,0,0
$4300,chicago,chicago city,2007 toyota camry,NA,4 cylinders,NA,gas,11.62693023681641,NA,NA,automatic,NA,0,4300,8.3663702,2007,11,2.4533241,0,0,0,0
$1899,chicago,chicago city,2000 toyota camry,good,6 cylinders,NA,gas,16.83345794677734,NA,NA,automatic,NA,0,1899,7.5490828,2000,18,2.8233685,0,0,0,0
$9750,los angeles,San Fernando,2010 toyota camry,like new,4 cylinders,fwd,gas,4.6,white,full-size,automatic,sedan,0,9750,9.1850224,2010,8,1.5260563,0,0,0,0
$3299,chicago,chicago S,1998 TOYOTA CAMRY LE,NA,4 cylinders,NA,gas,7.2075,grey,NA,automatic,sedan,1,3299,8.1013746,1998,20,1.9751221,1,0,0,0
$3200,chicago,chicago city,2000 toyota camry le 4dr sedan,good,4 cylinders,fwd,gas,15,silver,full-size,automatic,sedan,0,3200,8.0709057,2000,18,2.7080503,1,0,1,0
$3499,chicago,chicago S,2001 TOYOTA CAMRY,NA,6 cylinders,NA,gas,8.062900000000001,grey,NA,automatic,sedan,1,3499,8.1602325,2001,17,2.0872734,0,0,0,0
$3500,chicago,chicago city,2003 toyota camry solara convertible,excellent,4 cylinders,fwd,gas,14.6,white,NA,automatic,convertible,0,3500,8.1605186,2003,15,2.6810215,0,0,0,0
$2000,chicago,chicago suburbs,1999 toyota camry le,good,4 cylinders,fwd,gas,17.01991844177246,white,NA,automatic,NA,0,2000,7.6009026,1999,19,2.8343844,1,0,0,0
$2400,chicago,chicago suburbs,2001 TOYOTA CAMRY,excellent,4 cylinders,fwd,gas,18,grey,full-size,automatic,sedan,0,2400,7.7832241,2001,17,2.8903718,0,0,0,0
$1600,chicago,chicago city,1999 Toyota camry,NA,NA,NA,gas,17.01991844177246,NA,NA,automatic,NA,0,1600,7.377759,1999,19,2.8343844,0,0,0,0
$6999,los angeles,LA san gabriel,2009 toyota camry le 4dr sedan,NA,NA,NA,gas,12.76,NA,NA,automatic,NA,0,6999,8.8535223,2009,9,2.5463152,1,0,1,0
$800,chicago,chicago suburbs,1998 toyota camry,good,4 cylinders,fwd,gas,19.8,red,compact,automatic,NA,0,800,6.6846118,1998,20,2.985682,0,0,0,0
$13500,chicago,chicago city,2014 toyota camry,like new,NA,NA,gas,5,NA,NA,automatic,NA,0,13500,9.5104446,2014,4,1.6094379,0,0,0,0
$5000,chicago,chicago suburbs,2006 toyota camry solara,good,NA,fwd,gas,12.8694,black,NA,automatic,NA,0,5000,8.5171928,2006,12,2.5548525,0,0,0,0
$2600,chicago,chicago city,2001 toyota camry solara,NA,4 cylinders,fwd,gas,16.20146942138672,NA,NA,automatic,coupe,0,2600,7.8632669,2001,17,2.7851019,0,0,0,0
$6500,chicago,chicago city,2009 Toyota camry,NA,NA,NA,gas,16.45036315917969,NA,NA,automatic,NA,0,6500,8.7795572,2009,9,2.8003476,0,0,0,0
$11550,chicago,chicago W,2012 toyota camry se,excellent,4 cylinders,fwd,gas,4.233,black,NA,automatic,NA,0,11550,9.3544407,2012,6,1.4429109,0,0,1,0
$2450,los angeles,LA westside-southbay,2000 toyota camry le 4dr sedan,excellent,4 cylinders,fwd,gas,15.9126,green,mid-size,automatic,sedan,0,2450,7.8038435,2000,18,2.7671113,1,0,1,0
$450,chicago,chicago N,1999 Toyota Camry,NA,4 cylinders,fwd,gas,15.3,NA,NA,automatic,NA,0,450,6.1092477,1999,19,2.7278528,0,0,0,0
$2700,chicago,chicago S,2003 toyota camry,NA,NA,NA,gas,23,NA,NA,automatic,NA,0,2700,7.9010072,2003,15,3.1354942,0,0,0,0
$3980,chicago,chicago S,2002 toyota camry le,good,4 cylinders,fwd,gas,15.5987,silver,full-size,automatic,sedan,0,3980,8.2890368,2002,16,2.7471876,1,0,0,0
$2995,chicago,indiana NW,1999 toyota camry le,good,4 cylinders,fwd,gas,14.415,grey,mid-size,automatic,sedan,1,2995,8.0046997,1999,19,2.6682694,1,0,0,0
$3395,chicago,chicago suburbs,2005 toyota camry se sedan 4d,good,4 cylinders,fwd,gas,18.9,silver,full-size,automatic,NA,0,3395,8.1300592,2005,13,2.939162,0,0,1,0
$4000,chicago,chicago city,2005 toyota camry,good,4 cylinders,fwd,gas,22,red,mid-size,automatic,sedan,0,4000,8.2940493,2005,13,3.0910425,0,0,0,0
$1800,chicago,chicago city,1999 toyota camry,good,6 cylinders,fwd,gas,25.1925,white,mid-size,automatic,sedan,0,1800,7.495542,1999,19,3.2265463,0,0,0,0
$950,chicago,chicago N,1992 toyota camry,fair,4 cylinders,fwd,gas,18.5,silver,compact,automatic,coupe,0,950,6.856462,1992,26,2.9177706,0,0,0,0
$1000,los angeles,LA long beach,1999 toyota camry xle,NA,NA,NA,gas,17.01991844177246,NA,NA,automatic,NA,0,1000,6.9077554,1999,19,2.8343844,0,1,0,0
$2300,chicago,chicago city,2003 toyota camry,NA,NA,NA,gas,14.08167171478271,NA,NA,automatic,NA,0,2300,7.7406645,2003,15,2.6448741,0,0,0,0
$2200,chicago,chicago city,1999 1999 Toyota Camry,NA,NA,NA,gas,17.01991844177246,NA,NA,automatic,NA,0,2200,7.6962128,1999,19,2.8343844,0,0,0,0
$2500,chicago,chicago city,2003 toyota camry,NA,NA,NA,gas,14.08167171478271,NA,NA,automatic,NA,0,2500,7.8240461,2003,15,2.6448741,0,0,0,0
$8000,los angeles,LA long beach,2012 Toyota Camry,NA,NA,NA,gas,8.304973602294922,NA,NA,automatic,NA,0,8000,8.9871969,2012,6,2.1168547,0,0,0,0
$6800,chicago,chicago city,2009 Toyota Camry,NA,NA,NA,gas,16.45036315917969,NA,NA,automatic,NA,0,6800,8.8246775,2009,9,2.8003476,0,0,0,0
$1000,chicago,chicago N,1998 toyota camry le,good,4 cylinders,fwd,gas,20,custom,full-size,automatic,sedan,0,1000,6.9077554,1998,20,2.9957323,1,0,0,0
$14994,chicago,chicago city,2015 TOYOTA CAMRY,NA,NA,fwd,gas,3.6154,white,NA,automatic,sedan,1,14994,9.6154051,2015,3,1.2852025,0,0,0,0
$9785,chicago,chicago W,2006 toyota camry solara convertible,excellent,6 cylinders,fwd,gas,7.5962,black,NA,automatic,NA,0,9785,9.1886063,2006,12,2.0276482,0,0,0,0
$1500,chicago,chicago S,1999 toyota camry le,excellent,4 cylinders,fwd,gas,17.01991844177246,NA,full-size,automatic,coupe,0,1500,7.3132205,1999,19,2.8343844,1,0,0,0
$9888,chicago,chicago city,2005 Toyota Camry Solara 2dr Cpe SPT V6 Auto (Natl),NA,6 cylinders,fwd,NA,5.6172,NA,NA,automatic,coupe,1,9888,9.1990776,2005,13,1.7258333,0,0,0,0
$17777,chicago,chicago city,2015 toyota camry xle,excellent,4 cylinders,fwd,gas,4.963212966918945,silver,NA,automatic,NA,1,17777,9.7856607,2015,3,1.6020533,0,1,0,0
$8500,los angeles,San Fernando,2009 toyota camry,excellent,6 cylinders,fwd,gas,16.45036315917969,NA,NA,automatic,sedan,0,8500,9.047821,2009,9,2.8003476,0,0,0,0
$14593,chicago,chicago W,2016 Toyota Camry,NA,4 cylinders,fwd,gas,4.5484,black,NA,automatic,sedan,1,14593,9.5882969,2016,2,1.5147755,0,0,0,0
$5499,chicago,chicago S,2003 TOYOTA CAMRY  SOLARA,NA,6 cylinders,NA,gas,15.7,black,NA,automatic,SUV,1,5499,8.6123219,2003,15,2.7536607,0,0,0,0
$2800,chicago,chicago S,2000 toyota camry solara,good,6 cylinders,fwd,gas,21.21,silver,mid-size,manual,coupe,0,2800,7.9373746,2000,18,3.0544727,0,0,0,0
$10800,chicago,chicago N,2010 Toyota Camry se,NA,NA,NA,gas,14.66399955749512,NA,NA,automatic,NA,0,10800,9.2873011,2010,8,2.6853955,0,0,1,0
$9750,los angeles,LA long beach,2010 toyota camry,like new,4 cylinders,fwd,gas,4.6,white,full-size,automatic,sedan,0,9750,9.1850224,2010,8,1.5260563,0,0,0,0
$500,chicago,chicago city,2014 TOYOTA CAMRY,like new,4 cylinders,fwd,gas,4.791686534881592,black,full-size,automatic,sedan,1,500,6.2146082,2014,4,1.5668825,0,0,0,0
$9499,chicago,chicago suburbs,2007 TOYOTA CAMRY,NA,4 cylinders,NA,gas,4.314,red,NA,automatic,sedan,1,9499,9.1589422,2007,11,1.4618655,0,0,0,0
$16450,los angeles,San Fernando,2014 Toyota Camry XLE,NA,NA,fwd,gas,2.23,black,NA,automatic,sedan,1,16450,9.7080803,2014,4,.8020016,0,1,0,0
$2500,los angeles,LA san gabriel,1999 toyota camry,NA,NA,NA,gas,17.01991844177246,NA,NA,automatic,NA,0,2500,7.8240461,1999,19,2.8343844,0,0,0,0
$3000,los angeles,San Fernando,2001 toyota camry solara,NA,NA,NA,gas,12,NA,NA,automatic,NA,0,3000,8.0063677,2001,17,2.4849067,0,0,0,0
$5800,los angeles,central LA,2005 Toyota Camry LE,excellent,4 cylinders,NA,gas,14.38425159454346,NA,NA,automatic,sedan,0,5800,8.6656132,2005,13,2.6661339,1,0,0,0
$13000,los angeles,LA long beach,2014 toyota camry se,good,4 cylinders,fwd,gas,6.6,silver,compact,automatic,sedan,0,13000,9.4727049,2014,4,1.8870697,0,0,1,0
$5000,los angeles,LA san gabriel,2005 toyota camry,good,NA,NA,gas,10,black,NA,automatic,NA,0,5000,8.5171928,2005,13,2.3025851,0,0,0,0
$6995,los angeles,central LA,2006 Toyota Camry Solara SE,NA,NA,fwd,gas,11.2426,blue,NA,automatic,coupe,1,6995,8.852951,2006,12,2.4197102,0,0,1,0
$11995,los angeles,San Fernando,2012 toyota Camry LE,like new,4 cylinders,fwd,gas,4.8894,grey,mid-size,automatic,sedan,0,11995,9.3922453,2012,6,1.5870696,1,0,0,0
$1299,los angeles,LA san gabriel,2000 Toyota Camry,NA,NA,NA,gas,16.83345794677734,NA,NA,automatic,NA,0,1299,7.1693501,2000,18,2.8233685,0,0,0,0
$2500,los angeles,LA westside-southbay,2001 toyota camry ce,excellent,NA,NA,gas,16.20146942138672,NA,NA,automatic,NA,0,2500,7.8240461,2001,17,2.7851019,0,0,0,0
$2500,los angeles,North LA county,2003 toyota camry,NA,4 cylinders,NA,gas,17.5,NA,NA,automatic,NA,0,2500,7.8240461,2003,15,2.862201,0,0,0,0
$7600,los angeles,central LA,2009 toyota camry,excellent,4 cylinders,NA,gas,8.1,NA,NA,automatic,NA,0,7600,8.9359035,2009,9,2.0918641,0,0,0,0
$2500,los angeles,LA westside-southbay,2001 toyota camry ce,excellent,NA,NA,gas,16.20146942138672,NA,NA,automatic,sedan,0,2500,7.8240461,2001,17,2.7851019,0,0,0,0
$6000,los angeles,central LA,2007 toyota camry,like new,6 cylinders,NA,gas,11.1465,NA,NA,automatic,NA,0,6000,8.6995144,2007,11,2.4111257,0,0,0,0
$7595,los angeles,central LA,2009 toyota camry,like new,NA,NA,gas,8.1,NA,NA,automatic,NA,0,7595,8.9352455,2009,9,2.0918641,0,0,0,0
$400,los angeles,North LA county,1999 toyota camry,good,4 cylinders,rwd,gas,20,brown,NA,automatic,sedan,0,400,5.9914646,1999,19,2.9957323,0,0,0,0
$7995,los angeles,San Fernando,2011 TOYOTA CAMRY,NA,NA,fwd,other,13.1611,red,NA,automatic,sedan,1,7995,8.9865713,2011,7,2.5772655,0,0,0,0
$1055,los angeles,LA westside-southbay,2005 Toyota Camry,excellent,6 cylinders,fwd,gas,14.38425159454346,white,full-size,automatic,sedan,0,1055,6.9612961,2005,13,2.6661339,0,0,0,0
$4500,los angeles,LA long beach,2010 toyota camry se 4dr sedan,NA,NA,NA,gas,14.66399955749512,NA,NA,automatic,NA,0,4500,8.4118328,2010,8,2.6853955,0,0,1,0
$3400,los angeles,LA san gabriel,2005 toyota camry,NA,NA,NA,gas,14.38425159454346,NA,NA,automatic,NA,0,3400,8.1315308,2005,13,2.6661339,0,0,0,0
$6999,los angeles,San Fernando,2008 Toyota Camry,excellent,4 cylinders,NA,gas,12.54811191558838,NA,NA,automatic,NA,0,6999,8.8535223,2008,10,2.5295701,0,0,0,0
$3800,los angeles,LA long beach,2005 Toyota Camry Le,good,4 cylinders,fwd,gas,15.1352,silver,mid-size,automatic,sedan,0,3800,8.2427559,2005,13,2.7170231,0,0,0,0
$2700,los angeles,San Fernando,2000 toyota camry,excellent,4 cylinders,NA,gas,16.83345794677734,brown,full-size,automatic,sedan,0,2700,7.9010072,2000,18,2.8233685,0,0,0,0
$1000,los angeles,LA westside-southbay,2003 toyota camry xle,like new,4 cylinders,fwd,gas,14.08167171478271,white,full-size,automatic,sedan,0,1000,6.9077554,2003,15,2.6448741,0,1,0,0
$1060,los angeles,LA westside-southbay,2004 Toyota Camry Le,excellent,6 cylinders,fwd,gas,15.40804576873779,white,full-size,automatic,NA,0,1060,6.9660244,2004,14,2.7348897,0,0,0,0
$10995,los angeles,San Fernando,2013 Toyota Camry SE,excellent,4 cylinders,NA,gas,7.531633377075195,NA,NA,automatic,NA,0,10995,9.3051958,2013,5,2.0191119,0,0,1,0
$7899,los angeles,central LA,2009 toyota camry,NA,NA,NA,gas,16.45036315917969,NA,NA,automatic,NA,0,7899,8.9744911,2009,9,2.8003476,0,0,0,0
$6000,los angeles,San Fernando,2007 toyota camry,like new,6 cylinders,NA,gas,11.62693023681641,NA,NA,automatic,NA,0,6000,8.6995144,2007,11,2.4533241,0,0,0,0
$2500,los angeles,central LA,2004 toyota camry,good,NA,NA,gas,15.40804576873779,NA,NA,automatic,NA,0,2500,7.8240461,2004,14,2.7348897,0,0,0,0
$8000,los angeles,San Fernando,2011 Toyota Camry,excellent,4 cylinders,fwd,gas,11.1,NA,NA,automatic,NA,0,8000,8.9871969,2011,7,2.406945,0,0,0,0
$3000,los angeles,LA westside-southbay,2002 toyota camry,excellent,NA,NA,gas,14.32672119140625,NA,NA,automatic,NA,0,3000,8.0063677,2002,16,2.6621263,0,0,0,0
$2500,los angeles,San Fernando,2003 Toyota camry,NA,4 cylinders,NA,gas,14.08167171478271,NA,NA,automatic,NA,0,2500,7.8240461,2003,15,2.6448741,0,0,0,0
$3800,los angeles,LA long beach,2005 Toyota Camry,good,4 cylinders,fwd,gas,15.1352,silver,mid-size,automatic,sedan,0,3800,8.2427559,2005,13,2.7170231,0,0,0,0
$4900,los angeles,central LA,2007 TOYOTA CAMRY LE,excellent,4 cylinders,fwd,gas,18.3138,blue,mid-size,automatic,sedan,0,4900,8.4969902,2007,11,2.9076548,1,0,0,0
$2500,los angeles,LA westside-southbay,2002 Toyota Camry LE,good,NA,NA,gas,14.32672119140625,NA,NA,automatic,NA,0,2500,7.8240461,2002,16,2.6621263,1,0,0,0
$6500,los angeles,San Fernando,2007 Toyota Camry LE,excellent,4 cylinders,fwd,gas,10.169,silver,mid-size,automatic,sedan,0,6500,8.7795572,2007,11,2.3193438,1,0,0,0
$12700,los angeles,LA long beach,2016 toyota camry,NA,NA,NA,gas,4.249044418334961,NA,NA,automatic,NA,0,12700,9.449357,2016,2,1.4466941,0,0,0,0
$2500,los angeles,central LA,2001 Toyota camry le,NA,NA,NA,gas,16.20146942138672,NA,NA,automatic,NA,0,2500,7.8240461,2001,17,2.7851019,1,0,0,0
$2400,los angeles,central LA,2003 toyota camry,NA,NA,NA,gas,14.08167171478271,NA,NA,automatic,NA,0,2400,7.7832241,2003,15,2.6448741,0,0,0,0
$9500,los angeles,LA long beach,2014 toyota camry se 4dr sedan,NA,NA,NA,gas,4.791686534881592,NA,NA,automatic,NA,0,9500,9.1590471,2014,4,1.5668825,0,0,1,0
$3300,los angeles,San Fernando,2001 toyota camry le,excellent,4 cylinders,NA,gas,13.3,grey,NA,automatic,NA,0,3300,8.1016779,2001,17,2.587764,1,0,0,0
$10300,los angeles,central LA,2014 Toyota Camry Se,NA,NA,NA,gas,2.6942,NA,NA,automatic,NA,0,10300,9.2398996,2014,4,.99110132,0,0,0,0
$600,los angeles,central LA,1994 toyota camry le,good,NA,NA,gas,20.4159,red,mid-size,automatic,NA,0,600,6.3969297,1994,24,3.016314,1,0,0,0
$4800,los angeles,San Fernando,2006 Toyota camry,NA,NA,NA,gas,10.5,NA,NA,automatic,NA,0,4800,8.4763708,2006,12,2.3513753,0,0,0,0
$4900,los angeles,central LA,2007 toyota camry le 4dr sedan,excellent,4 cylinders,fwd,gas,13.8183,blue,mid-size,automatic,sedan,0,4900,8.4969902,2007,11,2.6259937,1,0,1,0
$2300,los angeles,San Fernando,2006 Toyota Camry,like new,4 cylinders,NA,gas,12.66718101501465,grey,full-size,automatic,sedan,0,2300,7.7406645,2006,12,2.5390146,0,0,0,0
$4999,los angeles,central LA,2008 Toyota camry,good,4 cylinders,NA,gas,15,black,full-size,automatic,sedan,0,4999,8.5169935,2008,10,2.7080503,0,0,0,0
$6000,los angeles,LA long beach,2007 toyota camry,like new,6 cylinders,NA,gas,11.62693023681641,NA,NA,automatic,NA,0,6000,8.6995144,2007,11,2.4533241,0,0,0,0
$9000,los angeles,San Fernando,2005 Toyota Camry or Prius,NA,NA,NA,gas,14.38425159454346,NA,NA,automatic,NA,0,9000,9.1049795,2005,13,2.6661339,0,0,0,0
$11900,los angeles,central LA,2015 Toyota Camry Se,NA,NA,NA,gas,3.5007,NA,NA,automatic,NA,0,11900,9.3842936,2015,3,1.2529629,0,0,0,0
$3900,los angeles,central LA,2000 Toyota Camry,good,4 cylinders,fwd,gas,12,white,compact,automatic,sedan,0,3900,8.2687321,2000,18,2.4849067,0,0,0,0
$2500,los angeles,central LA,1998 toyota camry,good,NA,NA,gas,16.82425880432129,NA,NA,automatic,NA,0,2500,7.8240461,1998,20,2.8228219,0,0,0,0
$7500,los angeles,central LA,2009 toyota camry,excellent,4 cylinders,NA,gas,8.1,NA,NA,automatic,NA,0,7500,8.922658,2009,9,2.0918641,0,0,0,0
$1000,los angeles,central LA,2012 toyota camry,NA,NA,NA,gas,8.304973602294922,NA,NA,automatic,NA,0,1000,6.9077554,2012,6,2.1168547,0,0,0,0
$550,los angeles,LA san gabriel,1993 toyota camry,NA,NA,NA,gas,31.95,NA,NA,automatic,NA,0,550,6.3099184,1993,25,3.4641721,0,0,0,0
$1000,los angeles,North LA county,1994 toyota camry,good,4 cylinders,fwd,gas,17.54897499084473,black,compact,automatic,sedan,0,1000,6.9077554,1994,24,2.8649955,0,0,0,0
$11400,los angeles,LA long beach,2015 Toyota Camry SE,like new,4 cylinders,fwd,gas,11.5629,NA,compact,automatic,sedan,0,11400,9.3413687,2015,3,2.4478016,0,0,1,0
$8300,los angeles,San Fernando,2007 toyota camry,excellent,4 cylinders,fwd,gas,8.48,green,full-size,automatic,NA,0,8300,9.0240107,2007,11,2.1377103,0,0,0,0
$7600,los angeles,central LA,2009 toyota camry le,excellent,NA,NA,gas,16.45036315917969,NA,NA,automatic,NA,0,7600,8.9359035,2009,9,2.8003476,1,0,0,0
$1500,los angeles,LA westside-southbay,2007 Toyota Camry XLE,like new,NA,fwd,gas,11.62693023681641,NA,full-size,automatic,sedan,0,1500,7.3132205,2007,11,2.4533241,0,1,0,0
$3950,los angeles,LA westside-southbay,2006 toyota camry solara,good,6 cylinders,fwd,gas,16.4213,blue,mid-size,automatic,coupe,0,3950,8.2814713,2006,12,2.7985792,0,0,0,0
$12100,los angeles,central LA,2015 Toyota Camry,NA,NA,NA,gas,3.4306,NA,NA,automatic,NA,0,12100,9.4009609,2015,3,1.2327352,0,0,0,0
$1200,los angeles,San Fernando,1996 Toyota Camry,good,4 cylinders,fwd,gas,21.9,NA,NA,automatic,NA,0,1200,7.0900769,1996,22,3.0864866,0,0,0,0
$13600,los angeles,San Fernando,2014 Toyota Camry SE,NA,NA,NA,gas,5.25,NA,NA,automatic,NA,0,13600,9.5178251,2014,4,1.658228,0,0,1,0
$1500,los angeles,San Fernando,1995 toyota camry,NA,NA,NA,gas,20.04253387451172,NA,NA,automatic,NA,0,1500,7.3132205,1995,23,2.9978566,0,0,0,0
$2500,los angeles,central LA,2003 toyota camry,good,NA,NA,gas,17.5,NA,NA,automatic,NA,0,2500,7.8240461,2003,15,2.862201,0,0,0,0
$2500,los angeles,LA westside-southbay,2001 Toyota Camry ce,excellent,NA,NA,gas,16.20146942138672,NA,NA,automatic,NA,0,2500,7.8240461,2001,17,2.7851019,0,0,0,0
$2700,los angeles,central LA,2000 toyota camry,excellent,4 cylinders,NA,gas,16.83345794677734,brown,full-size,automatic,sedan,0,2700,7.9010072,2000,18,2.8233685,0,0,0,0
$2500,los angeles,San Fernando,2003 toyota camry,NA,NA,NA,gas,14.08167171478271,NA,NA,automatic,NA,0,2500,7.8240461,2003,15,2.6448741,0,0,0,0
$1068,los angeles,LA westside-southbay,2005 toyota camry xle,excellent,6 cylinders,fwd,gas,14.38425159454346,white,full-size,automatic,sedan,0,1068,6.9735432,2005,13,2.6661339,0,1,0,0
$6995,los angeles,San Fernando,2007 toyota camry ce,NA,4 cylinders,NA,gas,11.62693023681641,black,NA,automatic,sedan,1,6995,8.852951,2007,11,2.4533241,0,0,0,0
$1000,los angeles,San Fernando,2005 toyota camry,NA,NA,NA,gas,14.38425159454346,NA,NA,automatic,NA,0,1000,6.9077554,2005,13,2.6661339,0,0,0,0
$5500,los angeles,LA san gabriel,2010 TOYOTA CAMRY,good,4 cylinders,NA,gas,16,NA,NA,automatic,NA,0,5500,8.6125031,2010,8,2.7725887,0,0,0,0
$7500,los angeles,San Fernando,2012 toyota camry le,excellent,4 cylinders,fwd,diesel,8.304973602294922,NA,NA,automatic,sedan,0,7500,8.922658,2012,6,2.1168547,1,0,0,0
$1650,los angeles,San Fernando,1995 toyota Camry Le,fair,4 cylinders,fwd,gas,27.1,blue,compact,automatic,sedan,0,1650,7.4085307,1995,23,3.2995338,0,0,0,0
$16995,los angeles,San Fernando,2016 TOYOTA CAMRY,NA,NA,fwd,other,3.9373,white,NA,automatic,sedan,1,16995,9.740674,2016,2,1.3704952,0,0,0,0
$500,los angeles,LA westside-southbay,2000 toyota camry solara,NA,6 cylinders,fwd,gas,25.6,white,NA,automatic,coupe,0,500,6.2146082,2000,18,3.2425923,0,0,0,0
$3300,los angeles,central LA,2012 Toyota Camry,like new,4 cylinders,fwd,gas,8.304973602294922,NA,NA,automatic,NA,0,3300,8.1016779,2012,6,2.1168547,0,0,0,0
$3799,los angeles,LA san gabriel,2004 toyota camry xle,NA,NA,NA,gas,11.325,NA,NA,automatic,NA,1,3799,8.2424936,2004,14,2.4270127,0,1,0,0
$6990,los angeles,LA westside-southbay,2007 toyota camry,like new,4 cylinders,NA,gas,12.4,silver,compact,automatic,sedan,0,6990,8.8522358,2007,11,2.5176964,0,0,0,0
$1600,los angeles,LA long beach,2001 Toyota Camry,excellent,4 cylinders,fwd,gas,22.5,custom,NA,automatic,sedan,0,1600,7.377759,2001,17,3.1135154,0,0,0,0
$11400,los angeles,central LA,2015 Toyota Camry SE,like new,4 cylinders,fwd,gas,11.5629,NA,compact,automatic,sedan,0,11400,9.3413687,2015,3,2.4478016,0,0,1,0
$7000,los angeles,LA san gabriel,2007 toyota camry le,excellent,4 cylinders,fwd,gas,10.4,white,full-size,automatic,sedan,0,7000,8.8536654,2007,11,2.3418057,1,0,0,0
$1000,los angeles,San Fernando,1997 toyota camry,good,4 cylinders,fwd,gas,18.7007999420166,black,mid-size,automatic,sedan,0,1000,6.9077554,1997,21,2.9285662,0,0,0,0
$3000,los angeles,central LA,1998 toyota camry,good,4 cylinders,fwd,gas,15.8,green,compact,automatic,sedan,0,3000,8.0063677,1998,20,2.76001,0,0,0,0
$3850,los angeles,LA westside-southbay,2006 toyota camry solara,like new,6 cylinders,NA,gas,16.4,NA,NA,automatic,coupe,0,3850,8.2558289,2006,12,2.7972813,0,0,0,0
$5000,los angeles,LA westside-southbay,2007 toyota camry solara convertible,good,6 cylinders,NA,gas,12,grey,mid-size,automatic,convertible,0,5000,8.5171928,2007,11,2.4849067,0,0,0,0
$12888,los angeles,LA san gabriel,2015 Toyota Camry LE,good,4 cylinders,fwd,gas,4.4,white,mid-size,automatic,sedan,1,12888,9.4640522,2015,3,1.4816046,1,0,0,0
$2599,los angeles,LA long beach,2000 Toyota Camry LE,excellent,4 cylinders,fwd,gas,18.6528,NA,mid-size,automatic,sedan,0,2599,7.8628821,2000,18,2.9259963,1,0,0,0
$2400,los angeles,LA westside-southbay,2001 Toyota Camry,good,4 cylinders,NA,gas,13.5,NA,NA,automatic,NA,0,2400,7.7832241,2001,17,2.6026897,0,0,0,0
$5900,los angeles,San Fernando,2007 toyota camry,excellent,4 cylinders,NA,gas,11.8,NA,NA,automatic,NA,0,5900,8.6827078,2007,11,2.4680996,0,0,0,0
$1500,los angeles,LA westside-southbay,1997 Toyota camry,good,4 cylinders,fwd,gas,19.756,green,compact,automatic,coupe,0,1500,7.3132205,1997,21,2.9834573,0,0,0,0
$14988,los angeles,LA san gabriel,2015 TOYOTA CAMRY,NA,NA,fwd,gas,5.5096,NA,NA,automatic,sedan,1,14988,9.6150055,2015,3,1.7064921,0,0,0,0
$9000,los angeles,LA long beach,2014 toyota camry le 4dr sedan,NA,NA,NA,gas,4.791686534881592,NA,NA,automatic,NA,0,9000,9.1049795,2014,4,1.5668825,1,0,1,0
$15800,los angeles,LA san gabriel,2016 Toyota Camry LE,excellent,4 cylinders,NA,gas,4.249044418334961,NA,NA,automatic,NA,0,15800,9.6677656,2016,2,1.4466941,1,0,0,0
$18500,los angeles,LA westside-southbay,2017 toyota camry se,like new,4 cylinders,fwd,gas,.5,grey,full-size,automatic,sedan,0,18500,9.8255262,2017,1,-.69314718,0,0,1,0
$3500,los angeles,LA san gabriel,2002 toyota camry le,fair,4 cylinders,fwd,gas,6.6354,silver,full-size,automatic,sedan,0,3500,8.1605186,2002,16,1.892419,1,0,0,0
$90002,los angeles,San Fernando,2003 Toyota Camry Xle,NA,NA,NA,gas,14.08167171478271,NA,NA,automatic,NA,0,90002,11.407587,2003,15,2.6448741,0,0,0,0
$6500,los angeles,San Fernando,2010 toyota camry le 4dr sedan,good,4 cylinders,fwd,gas,15.3,white,full-size,automatic,sedan,0,6500,8.7795572,2010,8,2.7278528,1,0,1,0
$8300,los angeles,LA san gabriel,2007 Toyota camry,NA,NA,NA,gas,11.8,NA,NA,automatic,NA,0,8300,9.0240107,2007,11,2.4680996,0,0,0,0
$950,los angeles,central LA,1993 toyota camry,NA,NA,NA,gas,21.91666603088379,NA,NA,automatic,NA,0,950,6.856462,1993,25,3.0872474,0,0,0,0
$950,los angeles,central LA,1997 toyota camry le,NA,NA,NA,gas,18.7007999420166,NA,NA,manual,NA,0,950,6.856462,1997,21,2.9285662,1,0,0,0
$2395,los angeles,central LA,2004 toyota camry solara,NA,4 cylinders,fwd,gas,23.9,red,full-size,automatic,coupe,0,2395,7.7811384,2004,14,3.1738784,0,0,0,0
$5100,los angeles,LA long beach,2008 toyota camry le 4dr sedan,good,4 cylinders,NA,gas,9.800000000000001,black,NA,automatic,NA,0,5100,8.5369959,2008,10,2.2823825,1,0,1,0
$1000,los angeles,central LA,1996 Toyota Camry,NA,NA,NA,gas,21.89999961853027,NA,NA,manual,NA,0,1000,6.9077554,1996,22,3.0864866,0,0,0,0
$1,los angeles,San Fernando,2003 toyota camry le,excellent,4 cylinders,NA,gas,14.08167171478271,white,full-size,automatic,NA,0,1,0,2003,15,2.6448741,1,0,0,0
$3200,los angeles,central LA,2006 Toyota  camry,good,4 cylinders,fwd,gas,13.1,white,compact,automatic,sedan,0,3200,8.0709057,2006,12,2.5726123,0,0,0,0
$4950,los angeles,LA long beach,2009 toyota camry,excellent,4 cylinders,NA,gas,17.4,NA,NA,manual,NA,0,4950,8.507143,2009,9,2.8564701,0,0,0,0
$4500,los angeles,LA san gabriel,2005 toyota camry,NA,NA,NA,gas,14.38425159454346,NA,NA,automatic,NA,0,4500,8.4118328,2005,13,2.6661339,0,0,0,0
$3700,los angeles,San Fernando,2003 toyota camry,NA,NA,NA,gas,13.2,NA,NA,automatic,NA,0,3700,8.2160883,2003,15,2.5802169,0,0,0,0
$1000,los angeles,San Fernando,1999 Toyota camry,good,4 cylinders,rwd,gas,20.5,brown,compact,automatic,coupe,0,1000,6.9077554,1999,19,3.0204248,0,0,0,0
$1150,los angeles,LA westside-southbay,2003 Toyota CAMRY XLE,NA,NA,NA,gas,6.7,white,NA,automatic,NA,0,1150,7.0475173,2003,15,1.9021075,0,1,0,0
$4500,los angeles,central LA,2008 toyota camry,NA,NA,NA,gas,12.54811191558838,NA,NA,manual,NA,0,4500,8.4118328,2008,10,2.5295701,0,0,0,0
$3115,los angeles,central LA,2012 toyota camry,like new,4 cylinders,NA,gas,8.304973602294922,black,NA,automatic,sedan,0,3115,8.0439844,2012,6,2.1168547,0,0,0,0
$2500,los angeles,central LA,2003 toyota camry,NA,6 cylinders,fwd,gas,14.08167171478271,black,NA,automatic,sedan,0,2500,7.8240461,2003,15,2.6448741,0,0,0,0
$15995,los angeles,San Fernando,2015 Toyota Camry,NA,4 cylinders,fwd,gas,3.4566,grey,NA,automatic,sedan,1,15995,9.6800318,2015,3,1.2402854,0,0,0,0
$10800,los angeles,LA long beach,2015 toyota camry le 4dr sedan,NA,NA,NA,gas,4.963212966918945,NA,NA,automatic,NA,0,10800,9.2873011,2015,3,1.6020533,1,0,1,0
$5900,los angeles,LA westside-southbay,2005 Toyota Camry XLE,good,4 cylinders,fwd,gas,14.5741,grey,mid-size,automatic,NA,0,5900,8.6827078,2005,13,2.6792459,0,1,0,0
$9900,los angeles,LA long beach,2014 toyota camry le 4dr sedan,NA,NA,NA,gas,4.791686534881592,NA,NA,automatic,NA,0,9900,9.2002897,2014,4,1.5668825,1,0,1,0
$3190,los angeles,LA san gabriel,2012 toyota camry,excellent,4 cylinders,fwd,gas,8.304973602294922,NA,NA,automatic,sedan,0,3190,8.0677757,2012,6,2.1168547,0,0,0,0
$226,los angeles,San Fernando,2014 Toyota Camry LE,NA,4 cylinders,fwd,gas,2.8122,NA,NA,automatic,sedan,1,226,5.4205351,2014,4,1.0339671,1,0,0,0
$1400,los angeles,central LA,2001 toyota camry,NA,NA,NA,gas,16.20146942138672,NA,NA,automatic,NA,0,1400,7.2442274,2001,17,2.7851019,0,0,0,0
$2700,los angeles,central LA,2002 toyota camry,good,4 cylinders,NA,gas,13.045,NA,NA,automatic,NA,0,2700,7.9010072,2002,16,2.5684049,0,0,0,0
$500,los angeles,LA westside-southbay,1999 toyota camry,excellent,4 cylinders,fwd,gas,17.01991844177246,NA,NA,automatic,NA,0,500,6.2146082,1999,19,2.8343844,0,0,0,0
$9600,los angeles,LA san gabriel,2011 toyota camry le 4dr sedan,good,4 cylinders,fwd,gas,5.0212,silver,full-size,automatic,sedan,0,9600,9.1695185,2011,7,1.6136689,1,0,1,0
$2400,los angeles,San Fernando,2003 toyota camry le,excellent,4 cylinders,fwd,gas,19.5211,blue,full-size,automatic,sedan,0,2400,7.7832241,2003,15,2.9714959,1,0,0,0
$2200,los angeles,LA long beach,1998 toyota camry le,NA,NA,NA,gas,16.82425880432129,NA,NA,automatic,NA,0,2200,7.6962128,1998,20,2.8228219,1,0,0,0
$15995,los angeles,San Fernando,2015 Toyota Camry,NA,4 cylinders,fwd,gas,3.6072,white,NA,automatic,sedan,1,15995,9.6800318,2015,3,1.2829318,0,0,0,0
$500,los angeles,LA san gabriel,1991 Toyota Camry,fair,4 cylinders,fwd,gas,21.7,white,mid-size,automatic,NA,0,500,6.2146082,1991,27,3.0773122,0,0,0,0
$5000,los angeles,North LA county,2010 toyota camry hybrid,good,4 cylinders,fwd,gas,37,NA,NA,automatic,sedan,0,5000,8.5171928,2010,8,3.6109178,0,0,0,1
$3900,los angeles,NA,2004 Toyota Camry,like new,6 cylinders,fwd,gas,21.7337,custom,NA,automatic,sedan,1,3900,8.2687321,2004,14,3.0788641,0,0,0,0
$5800,los angeles,North LA county,2007 toyota camry hybrid,like new,4 cylinders,NA,gas,11.62693023681641,NA,NA,automatic,SUV,0,5800,8.6656132,2007,11,2.4533241,0,0,0,1
$3700,los angeles,San Fernando,2003 toyota camry,excellent,4 cylinders,NA,gas,13.2,NA,NA,automatic,NA,0,3700,8.2160883,2003,15,2.5802169,0,0,0,0
$1100,los angeles,LA westside-southbay,2003 Toyota Camry Xle,NA,NA,NA,gas,14.08167171478271,NA,NA,automatic,NA,0,1100,7.0030656,2003,15,2.6448741,0,0,0,0
$7900,los angeles,San Fernando,2009 Toyota camry SE,like new,4 cylinders,NA,gas,11.7,NA,NA,automatic,NA,0,7900,8.974618,2009,9,2.4595888,0,0,1,0
$6500,los angeles,central LA,2009 toyota camry le,like new,4 cylinders,NA,gas,12.8708,grey,full-size,automatic,sedan,0,6500,8.7795572,2009,9,2.5549612,1,0,0,0
$1502,los angeles,LA san gabriel,2009 toyota camry se,excellent,4 cylinders,fwd,gas,16.45036315917969,black,NA,automatic,NA,0,1502,7.3145528,2009,9,2.8003476,0,0,1,0
$2750,los angeles,LA westside-southbay,1991 toyota camry,NA,NA,NA,gas,15.3,NA,NA,automatic,wagon,0,2750,7.9193563,1991,27,2.7278528,0,0,0,0
$2000,los angeles,central LA,2004 toyota camry solara,NA,NA,NA,gas,20.1038,NA,NA,automatic,NA,0,2000,7.6009026,2004,14,3.0009089,0,0,0,0
$4500,los angeles,San Fernando,2005 Toyota Camry LE,good,4 cylinders,NA,gas,12.1,white,NA,automatic,NA,0,4500,8.4118328,2005,13,2.4932055,1,0,0,0
$5300,los angeles,central LA,2007 toyota camry,excellent,4 cylinders,NA,gas,12,white,NA,automatic,sedan,0,5300,8.5754623,2007,11,2.4849067,0,0,0,0
$11000,los angeles,LA long beach,2016 toyota camry le 4dr sedan,NA,NA,NA,gas,4.249044418334961,NA,NA,automatic,NA,0,11000,9.3056507,2016,2,1.4466941,1,0,1,0
$8500,los angeles,San Fernando,2011 Toyota Camry,excellent,4 cylinders,NA,gas,7.9,NA,NA,automatic,NA,0,8500,9.047821,2011,7,2.0668628,0,0,0,0
$2400,los angeles,central LA,2002 toyota camry,fair,6 cylinders,fwd,gas,18.3821,grey,full-size,automatic,sedan,0,2400,7.7832241,2002,16,2.9113774,0,0,0,0
$7500,los angeles,LA san gabriel,2012 Toyota Camry se,NA,4 cylinders,NA,gas,8.304973602294922,NA,NA,automatic,NA,0,7500,8.922658,2012,6,2.1168547,0,0,1,0
$6000,los angeles,LA long beach,2009 toyota camry le,NA,NA,NA,gas,16.45036315917969,NA,NA,automatic,NA,0,6000,8.6995144,2009,9,2.8003476,1,0,0,0
$1200,los angeles,central LA,2000 toyota camry,NA,NA,NA,gas,16.83345794677734,NA,NA,manual,sedan,0,1200,7.0900769,2000,18,2.8233685,0,0,0,0
$3950,los angeles,LA long beach,2004 toyota camry,NA,NA,NA,gas,18,NA,NA,automatic,NA,0,3950,8.2814713,2004,14,2.8903718,0,0,0,0
$4500,los angeles,central LA,2008 toyota camry le,NA,NA,NA,gas,12.54811191558838,NA,NA,automatic,NA,0,4500,8.4118328,2008,10,2.5295701,1,0,0,0
$2900,los angeles,central LA,2004 Toyota Camry,NA,4 cylinders,NA,gas,19.4324,blue,NA,automatic,sedan,0,2900,7.972466,2004,14,2.9669418,0,0,0,0
$7000,los angeles,San Fernando,2009 toyota camry,good,4 cylinders,NA,gas,10,grey,NA,automatic,sedan,0,7000,8.8536654,2009,9,2.3025851,0,0,0,0
$3600,los angeles,San Fernando,2003 toyota camry le,NA,NA,NA,gas,14.08167171478271,NA,NA,automatic,NA,0,3600,8.1886892,2003,15,2.6448741,1,0,0,0
$3950,los angeles,LA san gabriel,2004 toyota camry,NA,NA,NA,gas,18,NA,NA,automatic,NA,0,3950,8.2814713,2004,14,2.8903718,0,0,0,0
$2700,los angeles,San Fernando,2000 toyota camry,excellent,4 cylinders,NA,gas,16.83345794677734,brown,full-size,automatic,pickup,0,2700,7.9010072,2000,18,2.8233685,0,0,0,0
$10500,los angeles,LA san gabriel,2013 TOYOTA CAMRY LE,like new,4 cylinders,fwd,gas,3.5092,black,full-size,automatic,sedan,0,10500,9.2591305,2013,5,1.2553881,1,0,0,0
$1000,los angeles,central LA,2004 Toyota Camry Le FwD 210Hp,excellent,NA,fwd,gas,15.40804576873779,white,full-size,automatic,sedan,0,1000,6.9077554,2004,14,2.7348897,0,0,0,0
$7500,los angeles,San Fernando,2003 toyota camry le,like new,4 cylinders,NA,gas,3.2,green,compact,automatic,coupe,0,7500,8.922658,2003,15,1.1631508,1,0,0,0
$1600,los angeles,LA san gabriel,2008 toyota camry,like new,4 cylinders,NA,gas,15.3123,silver,NA,automatic,sedan,0,1600,7.377759,2008,10,2.7286565,0,0,0,0
$5950,los angeles,LA westside-southbay,2006 toyota camry le,NA,NA,NA,gas,12.66718101501465,NA,NA,automatic,NA,0,5950,8.6911469,2006,12,2.5390146,1,0,0,0
$2200,los angeles,LA long beach,1998 TOYOTA CAMRY,like new,NA,NA,gas,16,NA,NA,automatic,NA,0,2200,7.6962128,1998,20,2.7725887,0,0,0,0
$11800,los angeles,LA san gabriel,2012 Toyota Camry,excellent,4 cylinders,rwd,gas,2.3,white,full-size,automatic,sedan,0,11800,9.3758545,2012,6,.83290911,0,0,0,0
$2895,los angeles,LA san gabriel,1998 Toyota Camry LE 4 DR,excellent,4 cylinders,fwd,gas,18.374,brown,mid-size,automatic,sedan,0,2895,7.9707403,1998,20,2.9109366,1,0,0,0
$7405,los angeles,LA westside-southbay,2008 Toyota Camry,NA,6 cylinders,fwd,gas,13.1306,grey,mid-size,automatic,sedan,1,7405,8.9099112,2008,10,2.5749454,0,0,0,0
$6700,los angeles,LA san gabriel,2007 Toyota Camry,NA,NA,NA,gas,12.2,NA,NA,automatic,NA,0,6700,8.8098631,2007,11,2.501436,0,0,0,0
$1200,los angeles,central LA,2000 toyota camry,new,6 cylinders,fwd,gas,16.83345794677734,black,full-size,manual,sedan,0,1200,7.0900769,2000,18,2.8233685,0,0,0,0
$3950,los angeles,North LA county,2004 toyota camry,NA,NA,NA,gas,18,NA,NA,automatic,NA,0,3950,8.2814713,2004,14,2.8903718,0,0,0,0
$7500,los angeles,central LA,2003 toyota camry,like new,4 cylinders,NA,gas,3.2,green,NA,automatic,NA,0,7500,8.922658,2003,15,1.1631508,0,0,0,0
$4700,los angeles,LA long beach,2004 Toyota Camry SE,excellent,4 cylinders,fwd,gas,11.6,white,NA,automatic,sedan,0,4700,8.4553175,2004,14,2.451005,0,0,1,0
$4500,los angeles,central LA,2008 toyota camry,NA,NA,NA,gas,12.54811191558838,NA,NA,automatic,NA,0,4500,8.4118328,2008,10,2.5295701,0,0,0,0
$2900,los angeles,central LA,1999 Toyota CAMRY,excellent,6 cylinders,fwd,gas,10.2767,grey,full-size,automatic,sedan,0,2900,7.972466,1999,19,2.3298793,0,0,0,0
$4000,los angeles,LA westside-southbay,2006 toyota camry solara,NA,NA,NA,gas,12.66718101501465,NA,NA,automatic,NA,0,4000,8.2940493,2006,12,2.5390146,0,0,0,0
$3950,los angeles,San Fernando,2004 toyota camry,NA,NA,NA,gas,18,NA,NA,automatic,NA,0,3950,8.2814713,2004,14,2.8903718,0,0,0,0
$11995,los angeles,San Fernando,2014 TOYOTA CAMRY SE SPORT,like new,4 cylinders,fwd,gas,10.3674,white,mid-size,automatic,sedan,1,11995,9.3922453,2014,4,2.3386662,0,0,1,0
$9900,los angeles,LA westside-southbay,2012 TOYOTA CAMRY SE,like new,4 cylinders,NA,gas,11.4512,red,full-size,automatic,sedan,1,9900,9.2002897,2012,6,2.4380946,0,0,1,0
$15999,los angeles,central LA,2016 TOYOTA CAMRY SE,like new,4 cylinders,fwd,gas,2.9122,black,full-size,automatic,sedan,0,15999,9.6802816,2016,2,1.0689088,0,0,1,0
$6500,los angeles,LA san gabriel,2007 toyota camry,good,6 cylinders,NA,gas,13.9,white,sub-compact,automatic,sedan,0,6500,8.7795572,2007,11,2.6318889,0,0,0,0
$3500,los angeles,LA westside-southbay,2004 toyota camry xle,good,NA,NA,gas,20.7,silver,NA,automatic,NA,0,3500,8.1605186,2004,14,3.0301337,0,1,0,0
$5499,los angeles,San Fernando,2007 toyota camry,excellent,NA,NA,gas,10,NA,NA,automatic,NA,0,5499,8.6123219,2007,11,2.3025851,0,0,0,0
$17000,los angeles,central LA,2017 toyota camry,like new,4 cylinders,fwd,gas,2,black,full-size,automatic,sedan,0,17000,9.7409687,2017,1,.69314718,0,0,0,0
$5500,los angeles,LA long beach,2004 toyota camry xle,excellent,4 cylinders,NA,gas,11.5334,NA,NA,automatic,NA,0,5500,8.6125031,2004,14,2.4452472,0,1,0,0
$9490,los angeles,San Fernando,2012 toyota camry LE,like new,4 cylinders,NA,gas,8.304973602294922,white,NA,automatic,NA,0,9490,9.1579943,2012,6,2.1168547,1,0,0,0
$1500,los angeles,San Fernando,1992 Toyota Camry,good,4 cylinders,fwd,gas,16.8,grey,mid-size,automatic,sedan,0,1500,7.3132205,1992,26,2.8213789,0,0,0,0
$2000,los angeles,LA westside-southbay,1999 toyota camry xle,fair,6 cylinders,fwd,gas,15.73,green,compact,automatic,sedan,0,2000,7.6009026,1999,19,2.7555697,0,1,0,0
$3500,los angeles,San Fernando,2003 toyota camry,excellent,4 cylinders,NA,gas,14.08167171478271,white,NA,automatic,NA,0,3500,8.1605186,2003,15,2.6448741,0,0,0,0
$8299,los angeles,central LA,2009 Toyota Camry,NA,NA,NA,gas,16.45036315917969,NA,NA,automatic,NA,0,8299,9.0238905,2009,9,2.8003476,0,0,0,0
$7800,los angeles,LA san gabriel,2010 toyota camry le,like new,4 cylinders,NA,gas,12,white,NA,automatic,sedan,0,7800,8.9618788,2010,8,2.4849067,1,0,0,0
$4100,los angeles,San Fernando,2006 TOYOTA CAMRY SE,NA,6 cylinders,NA,gas,16.56,NA,NA,automatic,NA,0,4100,8.3187418,2006,12,2.8069901,0,0,1,0
$3950,los angeles,central LA,2004 toyota camry,NA,NA,NA,gas,18,NA,NA,automatic,NA,0,3950,8.2814713,2004,14,2.8903718,0,0,0,0
$3800,los angeles,central LA,2004 toyota camry,good,4 cylinders,fwd,gas,11.6,silver,mid-size,automatic,sedan,0,3800,8.2427559,2004,14,2.451005,0,0,0,0
$8900,los angeles,San Fernando,2012 toyota camry le,NA,NA,NA,gas,8.304973602294922,NA,NA,automatic,NA,0,8900,9.0938063,2012,6,2.1168547,1,0,0,0
$2700,los angeles,LA long beach,2005 toyota camry le,NA,4 cylinders,NA,gas,19,NA,NA,automatic,NA,0,2700,7.9010072,2005,13,2.9444389,1,0,0,0
$14995,los angeles,LA westside-southbay,2016 TOYOTA CAMRY SE,good,4 cylinders,fwd,gas,6.5467,white,NA,automatic,sedan,1,14995,9.6154718,2016,2,1.8789611,0,0,1,0
$16225,los angeles,LA westside-southbay,2015 Toyota Camry,like new,NA,fwd,gas,1.4319,white,NA,automatic,sedan,1,16225,9.6943083,2015,3,.35900223,0,0,0,0
$1950,los angeles,LA san gabriel,2001 Toyota Camry le,NA,NA,NA,gas,22.8,NA,NA,automatic,NA,0,1950,7.5755849,2001,17,3.1267605,1,0,0,0
$1900,los angeles,central LA,1998 toyota camry,NA,NA,NA,gas,16.82425880432129,NA,NA,automatic,NA,0,1900,7.5496092,1998,20,2.8228219,0,0,0,0
$2500,los angeles,San Fernando,2002 toyota camry,excellent,NA,NA,gas,14.32672119140625,NA,NA,automatic,NA,0,2500,7.8240461,2002,16,2.6621263,0,0,0,0
$7500,los angeles,central LA,2009 toyota camry le,excellent,4 cylinders,NA,gas,8.1,NA,NA,automatic,NA,0,7500,8.922658,2009,9,2.0918641,1,0,0,0
$8995,los angeles,North LA county,2008 Toyota Camry Solara,NA,NA,fwd,other,8.3133,white,NA,automatic,coupe,1,8995,9.1044245,2008,10,2.1178567,0,0,0,0
$1500,los angeles,central LA,1996 toyota camry,excellent,NA,NA,gas,21.89999961853027,NA,NA,automatic,NA,0,1500,7.3132205,1996,22,3.0864866,0,0,0,0
$3500,los angeles,LA long beach,2003 toyota camry,good,4 cylinders,fwd,gas,16.2,black,full-size,automatic,sedan,0,3500,8.1605186,2003,15,2.7850113,0,0,0,0
$6000,los angeles,San Fernando,2008 Toyota Camry Hybrid,good,4 cylinders,fwd,hybrid,12.2,white,full-size,automatic,sedan,0,6000,8.6995144,2008,10,2.501436,0,0,0,1
$8495,los angeles,LA san gabriel,2007 Toyota Camry,excellent,NA,NA,gas,5.3,grey,NA,automatic,sedan,0,8495,9.0472326,2007,11,1.6677068,0,0,0,0
$2300,los angeles,central LA,1999 toyota camry,excellent,4 cylinders,fwd,gas,12.4,white,compact,automatic,sedan,0,2300,7.7406645,1999,19,2.5176964,0,0,0,0
$14900,los angeles,San Fernando,2014 toyota camry,excellent,4 cylinders,fwd,gas,7.3,white,mid-size,automatic,sedan,0,14900,9.6091166,2014,4,1.9878744,0,0,0,0
$7500,los angeles,central LA,2009 toyota camry,NA,4 cylinders,NA,gas,8.1,NA,NA,automatic,NA,0,7500,8.922658,2009,9,2.0918641,0,0,0,0
$361,los angeles,LA westside-southbay,2017 toyota camry hybrid,new,4 cylinders,rwd,hybrid,.07,red,mid-size,automatic,sedan,0,361,5.8888779,2017,1,-2.65926,0,0,0,1
$1500,los angeles,North LA county,2001 toyota camry,excellent,6 cylinders,NA,gas,27,NA,NA,automatic,NA,0,1500,7.3132205,2001,17,3.2958369,0,0,0,0
$1,los angeles,North LA county,2004 toyota camry,like new,NA,NA,gas,11.3,NA,NA,manual,NA,0,1,0,2004,14,2.4248028,0,0,0,0
$6800,los angeles,central LA,2012 toyota camry se,excellent,4 cylinders,NA,gas,8.304973602294922,NA,NA,automatic,NA,0,6800,8.8246775,2012,6,2.1168547,0,0,1,0
$2000,los angeles,central LA,2008 TOYOTA CAMRY,NA,NA,NA,gas,12.54811191558838,NA,NA,automatic,NA,0,2000,7.6009026,2008,10,2.5295701,0,0,0,0
$2700,los angeles,San Fernando,2002 toyota camry,excellent,4 cylinders,NA,gas,16.1,NA,NA,automatic,NA,0,2700,7.9010072,2002,16,2.7788193,0,0,0,0
$1400,los angeles,central LA,2001 Toyota Camry,NA,NA,NA,gas,16.20146942138672,NA,NA,automatic,NA,0,1400,7.2442274,2001,17,2.7851019,0,0,0,0
